Date  ,ITC,INFY,TATACOMM,FORTIS,ICICIBANK,ADANIPOWER,JUBLPHARMA,ZENSARTECH,RPOWER,RBLBANK
1-Apr-19,297.25,755.1,610.55,136.6,398.25,48.7,670.6,230.6,10.95,679.8
2-Apr-19,297.9,759.4,604.85,137.05,397.15,50.05,685.9,232.9,10.75,678.75
3-Apr-19,296.15,753.3,599,136.4,392.1,49.4,699.25,230.1,10.45,663.05
4-Apr-19,294.8,747.9,595.75,136.8,388.75,47.95,718.8,231.2,10.3,649.25
5-Apr-19,294.55,759.3,603.55,136.75,390.55,49.85,708.9,230.9,10.5,671.05
8-Apr-19,292.75,767.25,592.45,135.15,387.1,50.2,699.75,231.3,10.2,655.95
9-Apr-19,296.3,760.6,582.05,135.65,397.15,50.15,680.6,233.85,9.85,668.1
10-Apr-19,294.7,752.7,580.7,135.75,394.2,49.05,686.85,230.25,9.9,674.05
11-Apr-19,296.4,742.7,586.3,136.65,390.05,50.45,688.25,230.35,9.65,664.6
12-Apr-19,305.75,747.75,582.85,138.75,394.6,53.2,691.7,231.65,9.5,667.35
15-Apr-19,305.5,727.5,580.85,141.1,392.75,54.6,690,233.9,9.55,668.8
16-Apr-19,307.2,724.1,578.1,141.15,407,54.35,691.8,241.3,9.45,680.3
18-Apr-19,304.4,717.05,572.3,140.4,404.4,54.15,704.45,238.1,8.2,675.45
22-Apr-19,301.8,721.05,578.8,139.55,394.5,50.85,681.15,231.9,7.9,681.1
23-Apr-19,303.4,728.2,577.6,139.5,396.5,51.1,688.05,231.15,7.65,673.35
24-Apr-19,306.45,736.45,577,139.15,401.1,52.7,687.3,233.6,7.75,672.75
25-Apr-19,304.15,728.55,571.45,138.95,395.4,50.7,673.65,232.1,7.9,665.95
26-Apr-19,304.55,738,564.15,139.1,407.2,48.4,657.35,231.05,7.35,669.9
30-Apr-19,301.35,751.35,561.15,138.55,407.5,44.9,660.85,234.65,6.05,678.85
2-May-19,305,730.8,571.1,137.85,395.55,44.45,654.1,246.25,5.35,662.45
3-May-19,304.25,723.6,552,137.75,401.8,43.85,651.5,246.1,6.45,672.2
6-May-19,307,718.4,563.8,136.35,401.3,42.8,638.1,239.05,6.6,664.05
7-May-19,301.9,724.55,567.65,135.2,386.5,41.5,638.5,242.5,6.05,665.95
8-May-19,300.65,719.35,559,133.6,382.2,41.35,614.1,247.55,5.85,652.8
9-May-19,299.85,721.05,553.05,133,381.4,40.95,616.05,246.9,6.15,661.85
10-May-19,297.75,716.85,557.85,131.9,385.1,41.45,617.3,242.15,6.15,675
13-May-19,289.3,719.7,545.45,129.7,376.3,38.45,603.55,237.65,5.7,659.5
14-May-19,294.35,713.85,549.4,129.6,380.4,40.8,604.25,242.9,6,651.2
15-May-19,297.05,716.1,549.95,128.45,377.05,38.65,607.6,247.1,5.75,652.25
16-May-19,294.75,733.1,540.4,128,382.5,40.3,622.6,246.5,5.85,632.9
17-May-19,301.4,723.9,553.05,126.9,389.7,40.65,595.5,247.1,6,655.75
20-May-19,307,722.4,555.2,126.75,407.7,46.75,565.15,245.9,7.05,680.25
21-May-19,305.9,709.3,544.45,125.8,400.15,46,537.85,249.2,6.95,669.9
22-May-19,299.75,709.75,534.35,125.95,405.35,46.7,520.25,245.8,7.75,666.85
23-May-19,288.2,701.05,531.2,125.85,410.85,46.65,517.1,245,7.65,674.05
24-May-19,290.45,709.2,550.05,125.45,431.75,46.8,515.1,245.1,7.55,667.5
27-May-19,290.85,708.1,552.95,128.25,435.5,49.1,537.4,245.5,7.5,698.3
28-May-19,288.9,728.1,554.65,127.25,434.3,49,512.35,247.8,8.1,701.45
29-May-19,288.1,727.8,545.3,126.5,423.3,48.35,501.65,245.8,7.85,686.05
30-May-19,288.65,733.55,549.45,126.15,426.2,51.55,507.2,248.2,7.4,692.3
31-May-19,278.55,737.75,541,125.3,423.7,50.35,495.25,250,7.45,687.35
3-Jun-19,278.55,744.65,540.5,124.95,422.9,50.35,488.3,251.9,7.3,695.6
4-Jun-19,279.25,735.3,537.6,124,419.1,50.3,460.25,254,7,691.25
6-Jun-19,275.75,735.6,529.35,122.15,411.55,48.2,470.8,250.1,6.6,667.1
7-Jun-19,275.25,739.1,524.8,122.45,416.6,47.35,476.05,251.5,6.15,668.55
10-Jun-19,279.4,753.5,505.3,127.25,416.1,47.35,479.75,251.8,5.75,669.65
11-Jun-19,279.85,754.9,506.1,132.55,421.35,48.25,476.85,260.35,5.95,669.45
12-Jun-19,279.95,753.8,491.45,131.15,418,49.1,478.45,255.7,6,658.6
13-Jun-19,280.6,742.65,490.35,131.2,419.6,48.35,478.95,255.45,5.6,639.15
14-Jun-19,278.05,740.45,493.55,131,417.75,48.5,471.8,256,5.4,625.9
17-Jun-19,275,740.55,499.95,129.55,414.2,46.75,471.6,250.8,5.3,621.3
18-Jun-19,275.1,750.15,500.55,131.05,422.15,46.85,481.6,251.65,4.55,626.85
19-Jun-19,277.2,751.9,500.05,132.75,419.8,46.7,469.5,251.05,4.2,623.2
20-Jun-19,277,754.9,497.8,131.15,433.4,47.5,479.6,254,5.25,624.4
21-Jun-19,274.25,750.2,486.8,129.2,430.8,47.9,472.85,255.2,5.45,611.95
24-Jun-19,276.25,745.5,479.1,129.25,429.45,50.15,479.45,259.9,4.6,618.5
25-Jun-19,278.5,748.1,486.05,129,433.65,50.55,480.7,264.25,4,622.8
26-Jun-19,277.4,739.2,480.05,129.4,438.65,51.3,479.45,258.6,4.45,632.95
27-Jun-19,273.5,730.55,481.4,129.75,440.95,51.5,494.05,255.15,4.35,637.5
28-Jun-19,273.85,732,484.95,130.1,437.1,51.35,512.1,258.5,4.15,638.65
1-Jul-19,274.95,731.3,479.15,132.85,439,60.3,505.9,255.15,4.2,648.45
2-Jul-19,273.85,740,475,132.85,436.75,64.75,494.4,255.75,4.35,653.05
3-Jul-19,276.7,731.3,475.8,133.45,435.95,65.75,494.5,256.35,4.35,652
4-Jul-19,277.65,733.8,463.05,133.8,436.2,65.35,496.1,256.2,4.3,654.15
5-Jul-19,279.45,718,461.35,132.7,436.35,63.65,484.8,256.05,4.15,632.95
8-Jul-19,277.45,717.6,454.15,130.55,425.9,62.1,483.15,253.55,4,627
9-Jul-19,273.1,715.5,449.35,129.8,428.5,67.15,486.35,250.2,4.05,627.45
10-Jul-19,273.15,717.25,463.6,128.7,430.9,62.95,478.5,250.65,4,626.6
11-Jul-19,275.65,721.5,505.25,128.35,426.55,62.7,475.25,243.9,4.2,635
12-Jul-19,275.05,726.75,490.85,128.9,427.05,63.85,472.8,248.45,4.2,640.9
15-Jul-19,270.95,779.35,492.6,129.4,422.3,62.7,463.45,242.5,4.05,606.1
16-Jul-19,271.95,784.85,495.1,130.4,424.6,63.75,465.65,244.85,3.95,578.55
17-Jul-19,272.9,794.15,486.9,130.35,424.7,63.4,468.25,244,3.95,590.05
18-Jul-19,273,792.7,476.8,129.4,418.65,62.7,453.7,244.05,3.8,579.75
19-Jul-19,268.3,785.4,472.15,129.6,410.3,60.95,441.45,238.3,3.65,500.4
22-Jul-19,264.4,784.4,477.95,129.3,411.5,62.95,441.45,223.35,3.65,478
23-Jul-19,270.65,790.05,481.85,128.2,411.95,63.1,441.35,224.6,3.7,467.15
24-Jul-19,270.85,786.3,467.55,126.85,408.5,62.55,440.05,216.15,3.6,456.3
25-Jul-19,267.85,794.5,481.05,127,409,62.1,449.3,217.95,3.6,454.95
26-Jul-19,270.4,787,496.25,124.95,415.75,62.9,445.25,215.6,3.65,456.6
29-Jul-19,267.75,791.45,491.55,123.9,429.35,61.6,438.35,214.7,3.4,449.45
30-Jul-19,268.9,792.7,483,123.95,425.35,60.65,443.05,210.3,3.1,398.7
31-Jul-19,270.2,793.65,469.2,120,424.6,61,439.35,210.65,3.55,403.9
1-Aug-19,267.55,768.85,456,118.65,417.05,59.4,439.45,214.2,3.5,395.45
2-Aug-19,264.5,775.6,467.95,117.95,410.6,61.45,433.3,212.6,3.75,407.45
5-Aug-19,259.8,776.7,464.55,116.25,402.65,58.3,417.6,215.5,3.65,389
6-Aug-19,258.9,774.45,461.95,120.7,410.25,59.55,427.5,218.9,3.75,395.15
7-Aug-19,253.65,776.1,464.5,119.35,408.4,59.4,426.95,216.8,3.75,363.45
8-Aug-19,257.75,788.75,469.9,123.7,414.4,60,436.7,216,3.6,366.95
9-Aug-19,254.2,789.85,462.9,121.75,420.15,60.55,433.5,216.4,3.65,384.15
13-Aug-19,246.3,764.75,443.45,118.6,410.25,58.5,438.4,212.3,3.6,371.15
14-Aug-19,248.75,774.8,447.9,127.7,417.3,59.2,446.05,220.05,3.55,388.85
16-Aug-19,253,774.55,441.9,125.45,418.95,59.35,446.95,215.05,3.55,396.9
19-Aug-19,251.55,777.65,440.55,123.6,423.4,60.3,451.75,225.15,3.45,400.35
20-Aug-19,246.5,792.75,441.05,123.7,416.9,59.05,448.45,225.4,3.3,390.1
21-Aug-19,241.45,799.45,431.2,122.8,412.05,58.25,431.35,217.75,3.2,372.25
22-Aug-19,240.05,795.7,423.8,121.55,399.1,56.9,409.4,215.2,2.8,349.35
23-Aug-19,236.1,802.2,421.45,121.35,395.4,58.6,401.8,225.15,3,354.2
26-Aug-19,242.5,802.55,420.15,121.45,411.65,59.15,404.4,224.8,3.15,375.75
27-Aug-19,245.5,784.65,424,121.9,418.6,59.95,403.05,219.35,3.2,356.75
28-Aug-19,245.95,802.5,421,122.35,412.95,59.25,415.8,216.9,3.05,313.85
29-Aug-19,241.2,806.95,418.65,122.25,404.4,57.35,428,221.75,2.95,319.2
30-Aug-19,245.65,814.9,430.35,124.15,409.65,58.4,439.2,219.95,3.25,327.2
3-Sep-19,241.55,814.25,414.25,123.8,392.15,57.4,437.4,217.95,3.5,315.4
4-Sep-19,243.25,821.3,426,124.7,397.5,56.65,443.95,220.2,3.55,324.9
5-Sep-19,244.25,834.05,427.65,123.85,389,57.15,451.7,216.55,3.45,321.9
6-Sep-19,243.9,840.15,419.9,126.95,391.35,58.35,472.9,219.4,3.25,336.45
9-Sep-19,245.5,829.1,419.95,126.6,395.45,60.15,490.05,222.35,3.35,360.4
11-Sep-19,243.75,820.1,429.05,126.45,394.6,63.75,501.9,220.75,3.45,378.25
12-Sep-19,240.75,816.4,427.7,125.3,402.7,63.8,492.35,219.3,3.35,367.05
13-Sep-19,239.9,829.3,427.95,124.7,413.4,64.6,513.1,220.2,3.3,371.15
16-Sep-19,239.4,827.7,426.8,124.6,412.15,64.7,536.1,220.3,3.35,359.8
17-Sep-19,237.2,831.25,278.25,123.85,400.65,63.8,525.3,215.5,3.2,351.35
18-Sep-19,239.25,829.85,292.15,124.75,399.35,64.25,521.6,215,3.1,348.9
19-Sep-19,236.7,820.7,306.75,126,386.6,61.9,522.6,214.85,3,332.1
20-Sep-19,238.05,805,322.05,129.4,417.5,63.85,535,215.25,2.9,382.95
23-Sep-19,254.85,764.35,338.15,136.9,446.3,65.9,550.8,210.75,2.8,398.35
24-Sep-19,256,794.05,355.05,136.35,440.9,67.6,567.05,210,2.75,401
25-Sep-19,256,792.65,372.8,130.45,434.2,68.45,557.6,210.1,2.75,383.7
25-Sep-19,247.55,782.55,376.35,137,451.95,68.25,547.35,216.55,2.55,384.25
26-Sep-19,250.4,782.2,370.1,136.6,449.2,67,523.9,216.55,2.4,366.25
27-Sep-19,252.95,805.65,375.1,135.15,433.7,64.3,505.15,219.3,2.2,328.85
30-Sep-19,259.85,793.55,367.2,135.65,424.6,61.75,505.3,215,2.55,299.35
1-Oct-19,255.9,785.6,365.9,135.2,427.3,61.3,492.85,210.6,2.55,312
3-Oct-19,261.65,793.45,365.85,139.7,413.9,60.1,481.75,210,2.45,302.8
4-Oct-19,257.25,789.55,363.45,138.05,416.1,59.3,474.65,204.6,2.4,302.65
7-Oct-19,251.9,783.65,362.95,140.25,436.7,60.75,484.7,203.6,2.3,309.6
9-Oct-19,247.1,783.05,370.5,140.85,423.7,62.5,469.95,200.75,2.2,288.5
10-Oct-19,243.2,814.8,353.7,138,428.55,62.45,472.05,200.5,2.1,266.45
11-Oct-19,243.95,786.1,354.7,132.75,428.85,62.3,481.45,205.55,2.05,258.9
14-Oct-19,244.1,768.3,357.3,136.05,431.85,61.9,481.15,209.9,2,264.05
15-Oct-19,247.6,771.45,360.5,136.15,435.3,61.15,479.5,212.6,1.9,258.45
16-Oct-19,243.65,769.5,361.85,136.75,440.6,62.25,472.95,210.15,1.95,290.2
17-Oct-19,245.85,767.85,359.7,138.25,437.8,64.15,503.05,211.35,2.3,295.25
18-Oct-19,246.5,643.55,365.35,138.4,451.15,63.25,541,198.6,2.75,286.95
22-Oct-19,248.9,650.6,359.25,137.2,455.1,62.55,565.6,186.35,3.3,259.15
23-Oct-19,251.05,635.35,347.7,137.9,454.75,63.45,568.7,188.35,3.6,251.7
24-Oct-19,249.05,637.45,355.75,137.65,469.1,64.2,561.65,186.5,3.25,260.35
25-Oct-19,247.7,648.85,355.55,139.15,469.55,64.5,543.1,189.3,3.5,259.25
27-Oct-19,250.4,650.65,354.75,138.65,477.4,66.25,523.5,186,3.35,276.4
29-Oct-19,253.25,660.6,355.8,139,471.15,66.05,530.35,187.05,3.3,288.45
30-Oct-19,259.4,685.6,352.15,146.8,463.05,66.05,552.35,178.4,3.35,310.1
31-Oct-19,257.65,687.9,359.85,150.85,462.25,67.9,541.7,182.95,3.35,310.45
1-Nov-19,261.3,709,369.9,150.35,470.5,71.6,546.4,193.35,3.65,309.65
4-Nov-19,260.75,696.1,360.25,145.25,468.35,69.9,539.45,191,4,299.1
5-Nov-19,262.9,712.3,358.65,146.8,480.7,71.1,534.85,187.2,4.4,304.7
6-Nov-19,261.35,720.1,372,150.8,478.55,70.55,537.25,191.4,4.6,308.45
7-Nov-19,265.85,708.15,372.1,152.05,489.45,68.7,539.1,189.15,4.8,323.9
8-Nov-19,260.5,704.4,369.75,158.6,496.8,67.3,538,190.2,4.6,343.6
11-Nov-19,259.45,691.35,357.4,156.75,485.75,63.35,519.9,187.65,4.4,332.6
13-Nov-19,253.85,705.3,353.95,156.2,498.65,61.8,503.2,187.55,4.2,318
14-Nov-19,253.9,703.9,353.45,143.8,499.85,60.85,493.4,188.05,4,317.9
15-Nov-19,250.65,705.2,351.9,142.75,498.35,59.85,494.3,187.85,3.8,323.65
18-Nov-19,250.75,712.85,353,144.05,493.5,60.25,498.4,186.25,3.65,322.75
19-Nov-19,249.3,713,354,142.5,495,60.35,503.55,187.65,3.5,344.65
20-Nov-19,250.7,713.25,352.8,140.1,498.25,61.5,524.4,190.2,3.65,334.9
21-Nov-19,245.7,693.2,361.9,145.55,496.8,60.5,517.25,186.2,3.5,359.3
22-Nov-19,247.65,698.1,375.05,143.9,497.8,62.4,527,189.75,3.65,360.8
25-Nov-19,247.75,690.6,360.8,140.25,510.7,61.85,516.4,192.55,3.65,347.2
26-Nov-19,249.15,695.75,412.3,139.1,505.5,61.7,513.15,188.9,3.65,367.55
27-Nov-19,246.95,701.85,447.95,139.85,519.15,61.55,516.6,188.35,3.8,381
28-Nov-19,246.7,696.35,445.15,138.75,512.6,63.6,510.2,186.6,3.65,374.15
29-Nov-19,246.4,692.7,420.8,139,510.9,62.3,509.5,185.6,3.5,373.4
2-Dec-19,244.95,698.35,409.5,137.95,509.35,59.8,499.05,185.05,3.35,365.95
3-Dec-19,244.05,708.85,410.35,138.85,529.25,61.8,503.6,185.35,3.45,372.9
4-Dec-19,243.15,714.85,403.55,137.85,528.1,60.85,533,183.6,3.55,365.5
5-Dec-19,246.95,715.1,395.35,137.25,524.8,59.8,516.65,185.05,3.4,338.55
6-Dec-19,243.35,717.25,396.85,137.3,526.5,60,521.65,180.5,3.25,335.15
9-Dec-19,241.45,714.55,389.8,136.45,528.7,59.15,520.25,179.95,3.4,320.75
10-Dec-19,235.6,721.05,386.95,135,533.55,60.05,526.15,176.45,3.25,324.45
11-Dec-19,237.6,702.1,391.35,137.15,535.35,60.4,530.05,173.1,3.1,334.55
12-Dec-19,238.55,711.3,392.95,136.25,537.05,61.3,526.55,171.6,3.25,345.4
13-Dec-19,241.6,714,382.6,134.95,539.25,61,551.25,169.25,3.4,336.25
16-Dec-19,236.9,729.7,387.75,135,541.15,61.85,547.15,170.85,3.55,340.65
17-Dec-19,241.05,732.45,395.4,133.45,541.4,61.25,543.15,173.5,3.4,342.4
18-Dec-19,245.15,730.85,396.6,137.6,540.2,61.5,539.5,173.35,3.25,342.35
19-Dec-19,244.35,731.55,386.8,135.3,546.1,61.9,530.25,175.2,3.3,342.8
20-Dec-19,241.15,736,386.25,132.05,541.3,61,532.1,172.9,3.3,334
23-Dec-19,238.9,733.4,395.55,130.6,541.1,60.7,525.05,172.15,3.35,334.1
24-Dec-19,238.75,728.95,391,130.75,538.75,60.05,520.6,171.95,3.35,332.6
26-Dec-19,236.8,736.95,391.2,131.35,549.4,60.25,518.15,174.1,3.4,336.55
27-Dec-19,236.9,732.9,385.8,129.3,543.95,61.05,525.85,172.95,3.5,345
30-Dec-19,238.2,731.15,396.95,131.9,538.9,61.8,537,174.6,3.5,344.85
31-Dec-19,237.7,736.85,399.35,132.95,536.75,63.9,532.65,175.4,3.65,347.95
1-Jan-20,238.1,734.7,404.75,134.15,540.6,64.45,535.3,180.3,3.55,369.55
2-Jan-20,239.85,746,420.75,135.05,538.85,63.25,543,190.95,3.45,357.6
3-Jan-20,238.5,738.85,415.95,133.05,525.7,60.1,527.75,181.95,3.3,336.85
6-Jan-20,235.1,727.9,417,133.05,522.9,61,532.05,184,3.15,344
7-Jan-20,235.35,718.2,416.85,133.6,525.95,59.85,543.05,183.9,3,346
8-Jan-20,234.2,727.55,413.75,135.5,546.3,61.15,550.35,184.85,2.85,355.35
9-Jan-20,235.8,738.15,406.65,137.9,540.25,61.2,563.2,184.8,2.75,348.25
10-Jan-20,238,773.55,421.8,143.15,538.6,62.3,558.45,185.7,2.65,358.25
13-Jan-20,239.25,775.65,429.15,143.25,537.6,62.45,560.55,188,2.55,356.6
14-Jan-20,243.25,767.55,436.85,143.55,535.6,63.3,547.3,186.4,2.6,350.45
15-Jan-20,242.4,767,437.75,144,537.15,64.95,548.7,187.75,2.5,346.3
16-Jan-20,240.75,767.85,435.8,141.65,532.05,64.6,569.4,188.45,2.4,343.8
17-Jan-20,239.95,768.45,438.6,143.15,534.85,63.35,604.15,187.45,2.3,328.15
20-Jan-20,241.9,762.5,447.2,146.15,531.05,62.75,622.5,186,2.2,341.3
21-Jan-20,238.45,770.2,448.35,151.75,522.85,62.5,617.75,195.9,2.1,339.2
22-Jan-20,238.05,784.35,454,154,527.7,63.35,636.45,198.9,2.2,339.45
23-Jan-20,237.9,782.75,453.2,153.2,533.85,63.55,621.7,174.4,2.1,329.7
24-Jan-20,238.15,778.1,445.8,155.95,537.25,64.7,615.8,176.85,2,336.2
27-Jan-20,234.6,778,437.15,155.25,528.2,63.8,599.7,174.25,1.9,339.5
28-Jan-20,230.75,789.7,427.1,156.3,526.6,64.05,603.35,175.55,1.85,335.35
29-Jan-20,236.65,780.7,419.25,156.05,532.2,62.7,602.65,172.95,1.8,322.35
30-Jan-20,234.05,775.95,416.4,153.45,525.65,61.05,582.55,171.2,1.75,318.3
31-Jan-20,235.15,779.5,406.95,151.55,504.6,59.85,547.2,166.45,1.7,302
1-Feb-20,219,767.4,400.4,152.7,515.55,59,547.55,164.7,1.65,312.5
3-Feb-20,207.6,787.85,414.4,154.85,530.8,60.45,564.15,164.3,1.65,318.85
4-Feb-20,215.65,784.55,416.15,156.8,539.1,62,576.8,162.95,1.6,317.75
5-Feb-20,216.45,771.35,419.8,155.7,541.6,60.8,568.9,164.65,1.65,332.1
6-Feb-20,213.55,777.3,413.4,163.65,536.45,60.85,554.3,161.15,1.7,339.8
7-Feb-20,213.4,773.2,412.9,164.45,533.95,59.9,544.05,158.55,1.75,331.75
10-Feb-20,210.55,773.55,414.6,159.7,539.75,60.15,539.35,155.8,1.8,340.15
11-Feb-20,212.6,781.05,396.7,155.05,549.3,60.45,536.55,151.7,1.75,332.35
12-Feb-20,213.05,792.25,400.05,157.7,541,60.1,530,151.7,1.8,325.75
13-Feb-20,211.9,786.45,390.4,156.1,545.8,59.6,525.6,150.5,1.75,316.55
14-Feb-20,207.7,789.45,385.7,150.75,541.6,57.55,513.5,142.85,1.75,306.6
17-Feb-20,204.8,797.65,390.25,151.8,541.2,56.75,495.4,141.2,1.7,302.05
18-Feb-20,203.85,800.45,384.4,157.4,544.8,58.45,526.1,144.15,1.75,306.55
19-Feb-20,206.7,800.45,384.4,157.4,544.8,58.45,526.1,144.15,1.75,306.55
19-Feb-20,206.7,800.45,384.4,157.4,544.8,57.65,526.1,144.15,1.8,306.55
19-Feb-20,206.7,797,384.4,156.3,544.8,56.05,546.55,144.15,1.85,306.55
19-Feb-20,206.7,795.85,391.85,153.3,547,56.05,524.05,148.55,1.9,306.55
20-Feb-20,207.45,798.4,391.85,154.6,529.85,54.45,518.05,146.95,1.85,306.55
24-Feb-20,203,782.75,388.6,156.7,530.95,52.8,509.25,140.85,1.8,308.8
25-Feb-20,201.8,777.85,385.3,155.9,523.7,47.3,522.65,138.95,1.75,301.45
26-Feb-20,198.6,731.7,379.85,154.05,515.35,47.05,506.3,141.3,1.7,309.3
27-Feb-20,197.55,741.05,375.15,152,497.25,48.9,489.1,136.65,1.65,314.5
28-Feb-20,197.55,747,360.9,153.8,506.1,48.9,499.75,137.7,1.65,309.6
2-Mar-20,195.3,747,356.85,153.8,514.75,48.9,499.75,136.35,1.65,290.9
3-Mar-20,193.85,747,360.55,153.8,514.75,48.9,499.75,136.35,1.65,283.2
3-Mar-20,193.85,747,360.55,153.8,514.75,48.9,499.75,136.35,1.65,292.1
3-Mar-20,193.85,747,360.55,153.8,514.75,48.9,499.75,136.35,1.6,292.1
3-Mar-20,193.85,758.75,360.55,153.8,508.35,47.65,497.15,136.35,1.6,292.1
4-Mar-20,187.5,758.75,360.55,153.8,508.35,47.65,497.15,133.35,1.6,292.1
4-Mar-20,187.5,758.75,350.5,153.8,508.35,47.65,497.15,133.35,1.6,295.85
4-Mar-20,187.5,758.75,350.5,153.8,508.35,47.65,497.15,133.35,1.6,295.85
4-Mar-20,187.5,758.75,350.5,153.8,508.35,47.65,497.15,133.35,1.6,295.85
4-Mar-20,187.5,758.75,350.5,154.55,504.5,47.65,497.15,132.15,1.6,295.85
4-Mar-20,187.5,754.6,350.5,149.3,486.35,46.75,497.15,127.6,1.65,295.85
4-Mar-20,187.5,738.95,346.85,143.85,457.75,44.1,497.15,124.75,1.6,301.4
5-Mar-20,188.05,704.45,341.55,144.9,465.65,40.75,497.35,125.25,1.55,258.9
6-Mar-20,181.75,686,329.2,135.75,425.65,41.2,479.55,108.65,1.5,208.2
9-Mar-20,177.2,631.2,318.55,138.7,447.2,30.3,458,104.45,1.45,226.55
11-Mar-20,175.65,642.35,267.8,130.8,402.9,30.95,443.25,101.2,1.4,207.15
12-Mar-20,155.8,583.15,250.55,130.9,367.25,28.45,381.4,100.9,1.35,206.6
13-Mar-20,162.25,554.95,253.75,121.55,355.05,26.85,358.75,96.65,1.3,162.85
16-Mar-20,147.25,534.3,246.55,121.25,338.55,28.15,327.95,91.1,1.25,164.55
17-Mar-20,149.15,545.55,228.45,131.9,345.7,27,302.35,87.85,1.2,166.95
18-Mar-20,150.7,585.2,216.05,121.35,284,29.05,283.05,70.3,1.2,176.85
19-Mar-20,161.85,526.45,236.5,128.65,296.5,25.65,254.75,67.35,1.15,171.85
20-Mar-20,175.5,589.8,234.25,131.6,316.9,27.95,280.2,68.6,1.1,141.1
23-Mar-20,154.3,606.2,230.05,129.6,330.25,28.55,252.2,75.35,1.05,154.9
24-Mar-20,149.7,643,227.05,128.95,339.85,30.1,243.8,77.95,1.1,161.3
25-Mar-20,147.35,652.7,238.25,127.1,313.4,27.6,247.8,83.1,1.15,165.1
26-Mar-20,156.4,626.7,229.55,126.15,323.75,26.8,261.45,88,1.2,160.25
27-Mar-20,163.2,641.5,233.75,121.2,311.15,27.75,260.35,90.5,1.25,150.1
30-Mar-20,159.2,602.8,233.15,132.03,286.65,26.8,234.35,88.1,1.3,135.5
31-Mar-20,171.7,585.7,236.2,128,326.1,26.75,249.2,91.5,1.35,131.3
1-Apr-20,166.4,639,235.1,125,318.95,28.8,265.45,89.85,1.4,110.95
3-Apr-20,177.9,631.6,235.4,122.15,342.7,28.95,268.75,90.55,1.45,116.2
7-Apr-20,181.55,636.25,262.8,123.8,330.65,30.4,295.6,91.3,1.5,121.1
8-Apr-20,178.65,637.4,287.65,123.3,327.35,29.65,325.1,94.6,1.55,120.85
9-Apr-20,185.25,639.05,334.6,127.15,342,29.3,341.35,95.55,1.6,117.6
13-Apr-20,181.6,623.85,356.2,123.7,375.55,29.85,345.2,95.55,1.65,120.5
15-Apr-20,189.35,628.75,347.1,121,361.3,30.9,342.2,95.8,1.7,124.05
16-Apr-20,186.35,653.3,370.8,119.15,331.85,34.75,340.2,91.05,1.75,128
17-Apr-20,188.1,633.2,372.55,118.05,335.95,31.9,344.95,88.7,1.8,119.6
20-Apr-20,180.7,641.85,366.4,122.65,352.95,32.4,335.35,92.15,1.85,109.15
21-Apr-20,179.6,679.3,377.25,118.35,334.85,32.45,351.9,90.25,1.9,105.15
22-Apr-20,182.25,658,373.15,123.25,347.9,30.65,369.45,89.65,1.95,106.4
23-Apr-20,180.55,664.6,369.95,124,359.85,30.85,387.9,87.8,2,107.15
24-Apr-20,180.05,660.7,366.85,121.45,370.45,30.15,407.25,85.35,2.1,116.7
27-Apr-20,179.85,676.55,376.95,119.4,380.15,31.25,427.6,84.8,2.2,126.25
28-Apr-20,179.45,715.5,404.7,117.5,338.05,31.65,413.3,81.8,2.3,125.85
29-Apr-20,182.15,673.7,430.55,117.15,330.85,29.85,406.95,79.95,2.2,132.15
30-Apr-20,182.05,673.7,471.75,127,341.4,30.45,400.25,82.4,2.1,121.05
4-May-20,174.05,665.9,448.2,125.25,336.75,30.65,380.25,82.95,2,122.8
5-May-20,173.9,664.95,425.8,122.15,337.7,30.55,378.55,83.6,1.9,132.1
6-May-20,163.9,674.2,404.55,121.95,320.15,29.9,365.85,82.85,1.85,128.85
7-May-20,161,682.9,415,124,321.2,29.6,382,80.45,1.8,119.35
8-May-20,158.25,687.65,417.4,125.05,338.05,29.85,388.6,82.8,1.75,117.1
11-May-20,158.45,694.15,417.25,124.5,327.4,31.85,400.35,83.05,1.7,116.75
12-May-20,165.05,658.15,438.1,120.2,322.7,33.05,408.15,87.2,1.75,121.5
13-May-20,165.4,652.3,443.75,118.85,298.5,32.35,428.55,85.55,1.8,124.25
14-May-20,163.8,663.9,451.2,117.7,300.3,30.9,449.95,88.05,1.85,120.9
15-May-20,164.65,668.6,447.45,117.25,305.65,35.3,472.4,84.95,1.85,109.4
18-May-20,164.75,669.55,449.85,116.5,304.4,34.6,448.8,86.65,1.8,109.85
19-May-20,170.75,672.2,465.3,115.9,291.05,34.25,433.35,86.6,1.85,112.45
20-May-20,175.75,692.35,488.55,115.15,292.7,33,455,88.5,1.8,112
21-May-20,188.95,680.55,498.35,116.5,318.85,36.7,471.05,90.1,1.75,107.25
22-May-20,186.35,705.45,514.45,114.15,326.85,37,456.2,89.8,1.8,110.55
26-May-20,191.7,707.4,500.9,114.9,331.95,36,444.1,86.85,1.85,118.15
27-May-20,192.15,691,500.9,113.5,339.25,36.4,430.85,89.9,1.9,116.65
28-May-20,190.65,699.55,476.7,114.55,348.4,39.55,434.15,94.35,1.95,120.5
29-May-20,197.35,708.1,469.65,115.65,356.85,40.2,442.15,96.1,2,129.85
1-Jun-20,200.55,701.55,477,120.85,347.85,37.7,464.25,100.9,2.1,127.15
2-Jun-20,197.25,707.75,477.6,118.95,357.2,38.75,487.45,117.2,2.2,130.75
3-Jun-20,196.7,703.55,479.2,117.65,359.8,38.9,511.8,114.25,2.3,122.4
4-Jun-20,200.15,720.85,469.55,116.75,348.55,38.55,537.35,113.15,2.4,126.25
5-Jun-20,200,717.6,473.15,117.65,353,38.35,572.55,116.05,2.5,132.5
8-Jun-20,197.65,715.85,465.25,117,341.25,38.8,569.7,118,2.6,140.55
9-Jun-20,198.5,703.95,468.05,118.15,344.2,37.85,556.95,115.45,2.7,164.2
10-Jun-20,199.05,692.05,462,121.9,331.1,38,601.05,114.35,2.6,160.55
11-Jun-20,194.25,687.55,485.3,120.1,342.95,37.5,588.4,137.05,2.7,168.6
12-Jun-20,193.9,701.2,533.8,120.2,341.95,36.6,596.7,144.5,2.8,161.35
15-Jun-20,187.2,703.65,579.15,119.3,352,36.8,673.95,136.65,2.9,161.35
16-Jun-20,185,713.9,596.4,123.6,363.8,37.6,657.15,135,3,162.35
17-Jun-20,181.2,705.55,584.8,122.85,367.55,38,659.3,129.85,3.15,164.8
18-Jun-20,186.6,703.7,589.45,122.25,376.15,38.2,666.7,135.8,3.3,168.9
19-Jun-20,184.05,720.65,582.05,122.4,348.1,37.9,646.6,131.6,3.45,182.3
22-Jun-20,185,714.15,588.4,121.25,351,37.75,648.35,129.8,3.6,187
23-Jun-20,185.85,700.5,572.7,127.1,349.1,36.75,675.65,128.2,3.75,185.75
24-Jun-20,191.85,748.2,598.85,123.45,343.1,36.75,662.1,126.9,3.9,189.9
25-Jun-20,202.1,731.75,589.55,124.5,351.45,36.25,660.35,123.85,4.05,190.65
26-Jun-20,195.2,735.95,619,123.35,364.05,36,654.7,124.9,4.25,179.65
29-Jun-20,197.25,731.9,611.75,122.1,362.85,35.9,649.55,129.25,4.45,173.5
30-Jun-20,194.65,756.6,606.1,121.95,361,35.8,655.45,127.55,4.65,173.95
1-Jul-20,202.9,762.7,610.5,122.6,361.85,35.9,664.65,127.35,4.45,177.65
2-Jul-20,205.85,764,621.5,128.3,376.05,35.9,679.65,127.1,4.25,173.6
3-Jul-20,207.55,794.15,623.6,126.75,368.95,35.95,683.8,129,4.05,178.05
6-Jul-20,199.8,774.7,630.5,123.7,370.35,35.7,676.9,129,3.85,186.95
7-Jul-20,194.25,781.7,623.25,123.6,360.35,35.55,673.25,126.8,4,186.6
8-Jul-20,196.3,781.85,625.7,122.95,353.6,34.8,702.5,128.4,3.9,188.15
9-Jul-20,195.45,797.05,634.3,122.75,345.55,34.7,709.3,124.25,3.75,181.05
10-Jul-20,194.35,783.25,666,121.4,345.8,35.7,709.55,131.7,3.6,177.9
13-Jul-20,197.55,830.95,699.3,123.15,344.65,34.7,697.35,137.2,3.45,165
14-Jul-20,195.9,911,717.45,127.4,353.8,34.7,688.95,138.15,3.3,164.65
15-Jul-20,198.7,903.15,681.6,128.5,363,35.5,689,138.75,3.45,166.9
16-Jul-20,193.85,934.3,668.75,129.85,378.8,35.35,676.25,142.95,3.6,169.55
17-Jul-20,194.05,936.75,702.15,128.55,381.1,35.25,678.55,140.55,3.75,174.7
20-Jul-20,192.7,917.9,684.95,133.25,392.25,35.05,721.65,140.35,3.65,176.5
21-Jul-20,192.25,907.95,669.45,134.6,381.8,35.15,723.9,144.4,3.7,174.2
22-Jul-20,196.55,922.85,652.35,133.75,358.5,35,747.2,147.45,3.7,177.15
23-Jul-20,200.7,948.45,636.15,138.1,352.1,35.25,746.55,150.7,3.55,182.9
24-Jul-20,199.6,962.85,661.45,135.2,351.05,35.5,752.6,158.95,3.4,178.8
27-Jul-20,196.4,954.15,694.5,135.55,344.95,35.65,736.8,168.6,3.55,181.9
28-Jul-20,195.4,961.45,726,136.4,346.8,35.5,735,159.95,3.4,176.65
29-Jul-20,196.7,966,723.6,136.2,343.25,35.4,771.4,166.7,3.3,169
30-Jul-20,193.35,956.9,759.75,138.5,351,35.15,779.9,174.25,3.45,169.55
31-Jul-20,194.15,949.85,797.7,138,352.2,35.95,795,176.85,3.35,162.95
3-Aug-20,192.6,944.7,830.65,138,358.75,35.25,861.2,176,3.45,168.8
4-Aug-20,193.65,970.85,804.1,138.5,357.95,35.2,835.45,172.4,3.45,174.95
5-Aug-20,192.8,950.9,844.3,138.5,363.55,36.65,832.55,171.95,3.45,174.15
6-Aug-20,195.35,951.35,814.2,139.9,367.35,37.65,832.25,175.05,3.75,191.3
7-Aug-20,196.05,948.45,853.1,138,366.85,37.65,839.35,175.2,4.05,181
10-Aug-20,198.85,954.95,817.65,138,368.05,37.3,874.7,172.8,3.85,185.2
11-Aug-20,203.05,951.2,786.4,136.5,361.4,37.65,839.25,173.45,3.8,187.8
12-Aug-20,204.2,953.6,774.7,134.5,360.2,37.15,814.25,172.8,3.75,184.95
13-Aug-20,201.45,957.5,813.4,132.65,369.55,37.05,808.15,182.8,3.8,177.2
14-Aug-20,196.4,967.55,846.7,135.4,374.45,36.8,807.75,181.45,3.75,183.5
17-Aug-20,198.75,959.3,879.8,135.45,367.75,37.5,817.9,179.65,3.9,182.4
18-Aug-20,198.55,955.15,904.5,140.75,371.15,38.45,819,179.55,3.85,184.8
19-Aug-20,198.45,948.8,903.85,139.7,380.35,39.15,802.55,180.55,3.8,182.15
20-Aug-20,195.8,947.4,890.3,139.9,386.35,38.4,792.8,175.4,3.7,184.15
21-Aug-20,196.8,938.1,890.15,137.6,389.35,40.95,828.05,177.65,3.65,184.45
24-Aug-20,196.7,950.8,885.5,139.05,392.2,40.15,848.2,177.5,3.6,188.95
25-Aug-20,195.4,947.05,871.8,136.05,409.7,39.45,833.3,176.45,3.7,200.4
26-Aug-20,194.95,935.25,882.75,135.9,394.6,39.25,850.9,172.3,3.65,202.8
27-Aug-20,194.25,928.6,871.65,135.6,390.95,37.25,833.75,172.7,3.4,210.5
28-Aug-20,195.55,914.15,870.65,133.15,392.4,38.8,814.85,174.4,3.25,195.95
31-Aug-20,191.1,924,869.9,132.8,382.75,39.15,783.25,174.55,3.35,191.85
1-Sep-20,190.2,935.55,863.5,131.75,372.55,38.65,784.95,170.85,3.3,197.05
2-Sep-20,191.35,919.15,888.3,133.4,373.4,37.6,794.5,168.7,3.3,192.8
3-Sep-20,191.6,925.05,907.25,132.65,375.7,37.2,818.95,167.55,3.2,188.8
4-Sep-20,186.7,939.3,888.05,133.1,367.6,37.15,829.75,163.8,3.25,186.75
7-Sep-20,189.1,927.75,890.05,134.9,370.7,37.1,779,171.6,3.2,179.8
8-Sep-20,188.15,940.05,872.5,135.35,370.5,37.65,780,173.4,3.15,175.6
9-Sep-20,183.8,945.7,871.95,135.05,363.7,37.4,749.35,180.35,3.1,180.5
10-Sep-20,184.9,978.4,863.1,133.6,371.55,37.25,711.3,189.95,3.05,182.65
11-Sep-20,183.95,982.45,893.6,135.25,374.7,37.15,726.7,187.35,3.05,181.05
14-Sep-20,183.35,"1,001.75",916.95,132.9,369,37.15,738.45,191.75,3,183.95
15-Sep-20,181.8,"1,011.00",892.35,131.45,369.55,37,762.4,186.25,2.9,185.7
16-Sep-20,180.65,"1,002.15",889.35,132.35,350.7,37.4,798.25,185.5,3,183.65
17-Sep-20,178.6,"1,009.90",849.25,134.7,354.4,37,794.85,184.9,2.75,180.65
18-Sep-20,179.1,"1,007.50",817.5,132.95,351.85,36.7,776.95,200.7,2.7,169.2
21-Sep-20,175.75,"1,019.75",808.6,131.35,335.7,36.65,799.25,205.8,2.7,166.2
22-Sep-20,174.2,975.4,805.75,132.05,348.65,36.3,770.45,198.1,2.65,166.35
23-Sep-20,172.5,"1,011.45",782.5,134.9,363,36.6,781.2,194.7,2.9,157.8
24-Sep-20,166.55,"1,010.40",819.35,136.5,357.05,37.15,726.3,189.95,2.85,164.95
25-Sep-20,170.75,"1,009.00",860.3,137.15,354.75,37.25,699,192.4,2.85,173.65
28-Sep-20,173.3,"1,008.25",847.05,137.1,369.2,36.9,719.15,192.35,2.75,170
29-Sep-20,169.4,"1,017.65",847.4,136.3,373.1,37.05,726.85,196.6,2.7,169.9
30-Sep-20,171.7,"1,048.70",838.35,135.3,380.6,36.9,718.7,193.6,2.75,177.85
1-Oct-20,170.85,"1,055.75",853.8,135.3,382.65,36.85,730.95,192.15,2.8,175.3
5-Oct-20,169.25,"1,066.55",853.4,135.15,387.5,36.5,734.3,192.85,2.65,180.8
6-Oct-20,169.9,"1,093.70",845.25,134.9,401.5,36.3,753.65,190.45,2.7,177.1
7-Oct-20,169.5,"1,106.80",877.45,140.15,404.05,36.6,738.15,190.45,2.75,173.85
8-Oct-20,167.15,"1,132.10",860.2,135.95,396.25,36.2,724.55,192.55,2.7,180.05
9-Oct-20,167.85,"1,157.80",865.15,133.6,406.8,36.2,720,192.15,2.65,174.95
12-Oct-20,172.2,"1,137.00",861.95,133.8,391,36.1,715.5,184.6,2.65,169.75
13-Oct-20,170.15,"1,108.25",859.55,136.45,396.1,36.1,710.2,182.7,2.5,172.9
14-Oct-20,167.8,"1,127.50",836.4,129.9,417.1,36,697.25,185.6,2.55,167
15-Oct-20,165.05,"1,125.90",875.65,126.85,414.6,35.65,710.1,190.9,2.55,172
16-Oct-20,165.7,"1,137.50",919.4,127.05,420.3,35.45,689.45,188.15,2.45,178.85
19-Oct-20,168.25,"1,148.35",960,126.9,412.9,35.1,690.85,189.8,2.45,179.45
20-Oct-20,167.45,"1,129.05",925.65,125.45,416.95,35,701.4,189.4,2.75,180.45
21-Oct-20,167.65,"1,122.50",924.85,126.9,404.45,35.35,694.4,186,3.3,181.15
22-Oct-20,168.55,"1,112.45",919,128.3,409.95,35.15,706.05,190.95,3.35,177.85
23-Oct-20,170.75,"1,090.85",964.95,126.6,396.05,35.4,736.3,187.6,3.05,175.5
26-Oct-20,168.55,"1,076.55",922.05,125.75,399.9,35.3,776.25,186.95,3,175.15
27-Oct-20,167.2,"1,074.85",910.95,123.9,392.6,35.65,740.45,177.85,3.5,175.35
28-Oct-20,165.5,"1,060.60",890.95,126.3,417.45,35.75,749.1,174,3.5,174.75
29-Oct-20,163.85,"1,072.30",933.3,126.85,443.85,35.95,752.8,177.15,3.25,174.35
30-Oct-20,165.25,"1,062.55",957.3,125.6,437.05,36.05,738.9,182.05,3.15,179.7
2-Nov-20,166.75,"1,093.95",967.55,128.1,438.5,36.15,728.45,183.5,3.2,184.5
3-Nov-20,170.1,"1,104.00",958.35,130.4,442.8,36.4,716.55,184.35,3.05,184.85
4-Nov-20,169.8,"1,112.75",968.85,127.6,462.7,37.7,696.25,184.65,3.1,185.8
5-Nov-20,174.75,"1,136.55",994.8,131.15,483.85,37.05,706.3,184.55,3.1,193.25
6-Nov-20,173.95,"1,091.05","1,013.40",128.95,486.55,36.35,702.2,187.6,3.05,197
9-Nov-20,172.8,"1,122.50","1,055.45",128.9,476.7,36.45,700.3,192.95,3,209.5
10-Nov-20,178.35,"1,117.75","1,007.05",126.65,485.55,36.05,689.7,196.7,3.05,205.65
11-Nov-20,185.3,"1,124.20",989.7,131.4,486.9,36.15,682.95,193.6,3.05,202.5
12-Nov-20,188,"1,133.45","1,011.60",135,486.4,36.4,688.85,196.75,3.1,205.6
13-Nov-20,187.1,"1,123.70","1,019.80",141.9,497.65,37.5,697,202.4,3.1,207.25
14-Nov-20,188.6,"1,110.55",999.6,143.45,478.75,39.4,699.05,205.15,3.05,212.3
17-Nov-20,187.35,"1,096.75",993.15,141.85,480.2,38.3,702.95,208.75,3,221.25
18-Nov-20,184.05,"1,103.35","1,017.05",139.6,468.25,38,690.65,224.5,3,212
19-Nov-20,187.9,"1,139.85","1,034.65",137.15,478.2,38.4,696.7,231.8,3.15,211.6
20-Nov-20,191.7,"1,140.05","1,006.95",139.2,472.7,38.7,696.6,218.05,3.3,212.65
23-Nov-20,190.85,"1,115.65","1,052.15",142.3,475.3,38.25,696.8,212.85,3.35,226.4
24-Nov-20,195.55,"1,113.20","1,026.55",146.6,473.35,38.25,731.55,227.7,3.2,226.6
25-Nov-20,193.85,"1,100.00","1,070.30",145.25,485.1,38.5,729.1,227.6,3.1,222.4
26-Nov-20,194.8,"1,137.85","1,061.55",148,480.45,41.05,708.75,222,3.1,223.8
27-Nov-20,193.65,"1,140.90","1,038.95",150.9,481.85,45.15,717.15,216.6,3.05,225.7
1-Dec-20,194.4,"1,126.45","1,051.05",152.95,502.05,54.15,723,218.85,3.2,225.75
2-Dec-20,195.95,"1,134.65","1,024.55",150.05,510.45,59.6,727.1,218.8,3.35,231.8
3-Dec-20,196.2,"1,143.50","1,014.20",144.95,508.4,56.8,787.9,231.4,3.5,237.2
4-Dec-20,198.2,"1,153.35","1,040.15",142.2,511.5,52.4,798.1,260.45,3.65,242.95
7-Dec-20,203.15,"1,175.20","1,035.60",145.15,506.95,49.25,820.95,253.5,3.8,237.3
8-Dec-20,202.45,"1,167.75","1,027.95",144.9,515.45,46.75,838.5,254.65,3.8,236.8
9-Dec-20,205.4,"1,163.20","1,031.85",144.15,525.8,44.45,860.65,244.85,3.95,234.7
10-Dec-20,212.7,"1,164.55","1,036.45",148.1,518.05,46.65,842.1,240.55,4.1,235.55
11-Dec-20,216.3,"1,154.60","1,030.75",152.15,512.45,48.05,811.45,238.75,3.9,234.85
14-Dec-20,215.9,"1,165.70","1,039.15",155.4,510.4,46.9,796.25,237.2,3.75,237.1
15-Dec-20,213.55,"1,159.20","1,048.85",158.15,517.15,47.2,809.75,238.2,3.6,241.8
16-Dec-20,214,"1,189.80","1,041.50",158,494.5,47.35,814.7,222.85,3.6,236.8
17-Dec-20,213.05,"1,177.30",999.2,158.25,500.3,45,805.7,228.8,3.45,227.65
18-Dec-20,214.5,"1,220.50",957.4,158.85,503.6,44.8,788.5,235.8,3.3,206.55
21-Dec-20,202.95,"1,253.05","1,004.65",152.75,513.55,47,773.7,236.25,3.45,208.45
22-Dec-20,203.4,"1,236.05","1,046.90",154.35,520.1,47.9,766.05,238.55,3.6,221.2
23-Dec-20,207.75,"1,240.30","1,070.90",154,528.8,50.25,788.5,236.8,3.5,220.35
24-Dec-20,208.6,"1,250.30","1,064.95",154.05,528.75,50.45,822.45,239.5,3.45,229.1
28-Dec-20,209.5,"1,246.80","1,069.90",155.65,535.05,50.05,865.45,237.4,3.4,232.8
29-Dec-20,211.55,"1,255.80","1,075.90",156.3,527.5,49.8,852.8,242.95,3.4,232.5
30-Dec-20,211.15,"1,260.45","1,100.70",154.3,531.7,50.15,849.25,240.05,3.5,231.05
31-Dec-20,209,"1,288.25","1,094.60",155.2,537.25,50.2,848,238.2,3.65,231.05
1-Jan-21,213.85,"1,293.80","1,107.05",156,546.7,49.8,844.9,235.2,3.8,239.6
4-Jan-21,213.4,"1,282.10","1,112.90",155.75,541.1,50.7,851.8,237.1,3.7,250.85
5-Jan-21,211.45,"1,262.15","1,074.05",155.9,542.05,51,885.25,238.05,3.65,264.2
6-Jan-21,205.4,"1,312.10","1,079.65",162.1,544.7,53.45,875.85,239.9,3.6,269.3
7-Jan-21,202.8,"1,376.20","1,061.25",163.9,548,56.1,908.8,238.15,3.55,265.05
8-Jan-21,201.5,"1,371.75","1,061.90",179.4,556.5,55.7,938.5,235.8,3.45,255.95
11-Jan-21,202.5,"1,387.15","1,111.85",174.4,553.3,53.65,928.8,238.9,3.4,257.5
12-Jan-21,206.45,"1,370.50","1,079.00",171.8,543,53.95,915.55,236.35,3.4,254.4
13-Jan-21,211.25,"1,344.95","1,088.55",167.55,533.15,54.1,926.25,239.75,3.5,254.2
14-Jan-21,214.15,"1,312.05","1,096.10",171.65,546.45,53.55,976.2,236.6,3.45,253.9
15-Jan-21,217.85,"1,316.65","1,119.50",166.35,551,55.3,"1,002.20",236.75,3.45,244.4
18-Jan-21,219.75,"1,339.45","1,129.05",163.9,552.7,55.55,976.2,237.35,3.5,254.25
19-Jan-21,218.85,"1,339.70","1,051.35",168.8,533.8,53.75,946.3,241.1,3.5,253.75
20-Jan-21,217.65,"1,340.85","1,040.25",167.2,538.05,52.85,981.15,237.45,3.4,250.55
21-Jan-21,213.7,"1,325.10","1,032.50",163.65,522.35,51.2,988.4,240.6,3.35,232.8
22-Jan-21,210.7,"1,301.00","1,030.80",165.7,528.25,49.6,967.5,237.75,3.2,222.75
25-Jan-21,207.8,"1,276.20",982.6,172.4,537,49,934,235.75,3.2,218.65
27-Jan-21,210.65,"1,239.05",972.6,164.4,603.8,51.3,888.35,229.45,3.3,215.05
28-Jan-21,206.6,"1,260.90","1,006.00",162.6,617.35,52.35,927.45,225.35,3.25,213.8
29-Jan-21,203.25,"1,271.25",983.2,161.55,622.35,52.5,901,232.95,3.25,236.85
1-Feb-21,215.95,"1,284.65",981.65,163.6,628.3,52.5,891.4,237.1,3.3,242.4
2-Feb-21,218.2,"1,279.35",996.7,163.85,614.15,53.25,926.9,237.7,3.35,256.55
3-Feb-21,216.75,"1,272.10","1,052.15",169.35,629.6,52.3,930.3,236.7,3.35,257.3
4-Feb-21,229.95,"1,303.55","1,036.85",171.15,633.35,53.05,"1,025.60",231.85,3.6,251.1
5-Feb-21,234.35,"1,305.55","1,024.30",167.5,632.15,52.7,902.75,228.3,3.5,247.4
8-Feb-21,233.1,"1,296.50","1,048.00",168.75,630.65,52.1,915.9,226.7,3.3,246.35
9-Feb-21,229,"1,292.65","1,028.60",173.95,647.6,53.8,961.65,228.8,3.25,243.05
10-Feb-21,227.55,"1,309.80","1,029.10",177.8,673.95,57.25,927.1,230.15,3.2,243.8
11-Feb-21,226.45,"1,309.65","1,014.35",171.15,658.35,56.9,932.2,228.85,3.25,241.45
12-Feb-21,217.45,"1,290.40",994.55,165.45,657.35,55.2,903.6,239.1,3.2,254
15-Feb-21,218.6,"1,281.30","1,051.50",163.45,644.65,54.25,892.9,243.2,3.2,258.5
16-Feb-21,218.25,"1,292.45","1,057.65",162.7,624.05,55.7,854.75,252.15,3.25,253.15
17-Feb-21,217.75,"1,291.30","1,055.45",160.55,609.85,55.85,843.45,269.55,3.1,250.15
18-Feb-21,218.85,"1,265.20","1,002.95",160.05,616.3,55.5,833.5,264.5,3.4,246.25
19-Feb-21,215.95,"1,266.35","1,018.20",158.85,641.1,55.3,787.5,278.65,3.7,236.5
22-Feb-21,207.05,"1,274.30","1,046.85",159.35,628,55.25,772.7,296.75,3.55,236.05
23-Feb-21,208.5,"1,274.55","1,050.25",162.55,597.75,56.5,765.9,295.25,3.9,246.55
24-Feb-21,208.85,"1,253.30","1,096.35",160.6,608.35,55.2,750.95,290.25,4.25,248.95
25-Feb-21,209.15,"1,267.00","1,081.70",159,610.5,55.75,759,297.25,4.45,235.6
26-Feb-21,203.85,"1,304.50","1,114.80",158.35,632.1,61.3,761.4,301.55,4.5,236.05
1-Mar-21,206.9,"1,343.55","1,202.95",170.75,620.75,64.9,769.6,306.85,4.3,236.75
2-Mar-21,209.9,"1,330.35","1,228.75",175.55,609.45,71.35,781.25,293.65,4.5,248.95
3-Mar-21,209.95,"1,316.70","1,242.30",173.9,608.05,74.35,774.1,277.9,4.7,249.35
4-Mar-21,209.7,"1,335.75","1,251.00",178.55,625.1,78.05,788.45,274.7,4.9,242.35
5-Mar-21,208.55,"1,345.55","1,333.15",177.4,625.6,81.85,784.7,286.5,5.1,244.3
8-Mar-21,208,"1,368.15","1,300.05",178.05,612.85,77.8,759.6,284.75,5.35,245.45
9-Mar-21,207.8,"1,374.85","1,290.35",181.7,603.5,75.55,751.9,291,5.2,241.9
10-Mar-21,206.5,"1,373.60","1,291.75",179.7,594.95,79.3,767.05,331.65,5.2,243.1
12-Mar-21,205.2,"1,384.00","1,293.80",180.05,589.5,83.1,766.75,314.8,4.95,238.25
15-Mar-21,205.45,"1,387.00","1,214.80",186.9,578.6,87.2,784,300.75,4.75,235.1
16-Mar-21,207.85,"1,337.10","1,141.10",194.05,586.65,89.25,757.75,294.9,4.55,223.4
17-Mar-21,210.6,"1,344.45","1,166.20",184.65,573.45,92.2,759.4,291.65,4.35,222.95
18-Mar-21,217.65,"1,370.80","1,175.20",184.65,586.4,96.8,740.4,294.7,4.55,228.55
19-Mar-21,222.95,"1,371.55","1,160.65",188.45,567.5,101.6,719.75,289.15,4.75,225.25
22-Mar-21,226,"1,353.75","1,113.20",192.4,571.55,104.35,712.8,276.5,4.9,226.8
23-Mar-21,222.2,"1,333.80","1,084.95",202.15,578.55,99.15,698.95,278.5,4.7,215.9
24-Mar-21,215.95,"1,336.20","1,096.45",208.95,591.45,94.2,699.3,272.2,4.7,210.05
25-Mar-21,211.6,"1,385.30","1,072.35",207.85,582.1,89.5,679.7,273.95,4.55,211.1
26-Mar-21,210.9,"1,368.05","1,117.85",199.85,594.4,85.05,669.25,274.75,4.35,208.05
30-Mar-21,214.55,"1,385.20","1,091.50",198.55,571.25,89.3,664.45,273.95,4.55,207.55
31-Mar-21,218.5,"1,368.05","1,062.80",200.6,565.9,93.75,705.75,272.9,4.46,216.2
1-Apr-21,220.05,"1,385.20","1,122.90",199.15,577.65,98.4,681.1,273.9,4.5,206.25
5-Apr-21,212.55,"1,409.90","1,112.55",202.25,576.7,99.95,712.7,274.1,4.75,212.1
6-Apr-21,212.65,"1,411.05","1,114.05",219.4,566.2,97.4,712.7,279.35,4.95,216.2
7-Apr-21,213.8,"1,430.20","1,116.30",214.95,538.55,97.65,695,269.45,4.85,213.25
8-Apr-21,213.25,"1,439.85","1,100.00",213.55,560.6,92.8,691.1,272.7,4.9,211.05
9-Apr-21,213.1,"1,441.05","1,115.45",212.35,575.2,90.6,704.3,269,4.8,188.65
12-Apr-21,205.3,"1,425.75","1,074.55",207.95,566.95,90.75,735.95,270.35,4.35,193.65
13-Apr-21,208.7,"1,397.15","1,100.50",205.95,559.75,91.75,734.7,263.05,4.5,189.7
15-Apr-21,206.7,"1,360.75","1,114.35",200.9,559.1,87.45,740.45,265.6,4.4,187.75
16-Apr-21,207.95,"1,353.75","1,108.60",205.9,579.2,87.15,727.45,267.8,4.7,175.6
19-Apr-21,205.6,"1,362.55","1,110.20",203.65,569.95,87.2,723.25,268.4,4.45,174.55
20-Apr-21,203.55,"1,351.35","1,128.60",200.4,591.1,87.8,770.45,268.65,4.55,176.35
22-Apr-21,205.9,"1,351.10","1,124.75",207.9,598.75,87.75,801.9,266.55,4.5,178.2
23-Apr-21,205.35,"1,333.80","1,139.40",211.25,621.35,90,817.65,269.55,4.5,184.2
26-Apr-21,205.3,"1,343.55","1,157.05",207.8,621.45,94.5,791.7,268.25,4.45,186.55
27-Apr-21,205.4,"1,348.50","1,155.65",204.9,600.5,97,805.8,264.3,4.45,193.65
28-Apr-21,205.5,"1,356.00","1,149.60",208.85,596.75,94.75,794.65,268.25,4.55,190.3
29-Apr-21,204.3,"1,356.35","1,111.75",211.7,591.55,95.55,795.65,263.35,4.65,185.75
30-Apr-21,202.6,"1,354.35","1,100.20",210.25,602.8,95.7,781.85,264.3,4.85,181.2
3-May-21,200.95,"1,352.05","1,104.55",210.7,608.2,97.05,798.5,267.95,5.3,181.75
4-May-21,199.6,"1,329.40","1,094.40",223.9,607.1,96.85,804.9,269.35,5.05,184.2
5-May-21,201.4,"1,341.50","1,086.90",215.35,613.25,97.05,804.75,270.9,5.1,185
6-May-21,202.75,"1,361.60","1,104.15",221,609.85,98.5,835.85,267.9,5.5,186.3
7-May-21,205.35,"1,352.55","1,087.45",219.9,594.75,99,838.3,271.8,6.05,187.55
10-May-21,205.55,"1,339.55","1,087.20",232.9,597.3,97.45,836,268.75,6.65,186.2
11-May-21,204,"1,330.65","1,079.75",234.45,623.6,95.8,848.6,282.9,7.3,187.85
12-May-21,203.25,"1,327.00","1,084.10",236.2,633.2,97.05,847.05,285.2,6.95,187.7
14-May-21,212.25,"1,316.40","1,084.15",230.75,625.45,101.9,852.4,282.15,6.8,197
17-May-21,212.6,"1,329.40","1,070.60",221.85,618.6,102.4,820.9,279.65,6.6,199.2
18-May-21,210.05,"1,340.00","1,069.50",224.05,642.45,100.1,832.45,275.65,6.9,199.95
19-May-21,207.75,"1,337.00","1,058.25",222.9,647.35,101.1,840.35,282.9,7,204.25
20-May-21,207,"1,339.30","1,081.85",221.6,650.3,101.05,833.2,283,6.9,207.7
21-May-21,209.05,"1,354.50","1,067.90",221.4,652.5,100.4,848.45,299.2,7.15,210
24-May-21,211.5,"1,348.05","1,057.70",227.5,652.25,99.25,845.5,294.75,7.5,206.1
25-May-21,210.9,"1,361.60","1,047.85",227.15,643.05,95.15,830.45,288.5,7.85,207.85
26-May-21,210.6,"1,397.25","1,061.10",225.65,662.75,91.95,845.15,285.8,8.2,211.05
27-May-21,211.15,"1,402.25","1,053.65",227.25,650.1,92.5,897,281.85,8.6,216.25
28-May-21,212.9,"1,405.05","1,049.10",226.25,648.35,95.35,887.3,283.85,8.25,214.2
31-May-21,216.6,"1,393.75","1,074.00",230.1,650.25,96.4,881.6,285.1,8.65,211.3
1-Jun-21,215.25,"1,387.20","1,122.95",227.65,642.7,100.75,873.55,286.75,8.65,221.15
2-Jun-21,209,"1,378.65","1,136.90",230.05,648.2,105.75,846.4,284.85,9.05,218.85
3-Jun-21,209.05,"1,389.65","1,121.70",228.55,642.4,126.9,847.1,305,9.5,214.75
4-Jun-21,208.75,"1,385.65","1,141.00",227.25,636.1,151.75,843.05,308.8,9.95,216.7
7-Jun-21,211.45,"1,389.65","1,223.70",226.95,640.4,152.35,836.5,312.65,10.4,216.45
8-Jun-21,213.65,"1,412.95","1,223.85",236.25,635.7,154.1,786.25,311.6,10.9,213.75
9-Jun-21,212.5,"1,415.30","1,230.75",235.9,635.15,148.3,777.5,290.15,11.4,218.35
10-Jun-21,209.3,"1,424.30","1,258.55",230.85,645.3,140.9,759.65,302,11.95,218.25
11-Jun-21,207.9,"1,446.90","1,287.00",236.15,640.1,133.9,779,301.05,12.5,216.6
14-Jun-21,207.3,"1,461.80","1,336.70",233,633,127.25,772.3,297.8,13.1,219.55
15-Jun-21,207.05,"1,473.90","1,326.30",234.3,630.4,120.9,763.1,295.6,13.75,215.8
16-Jun-21,207.85,"1,480.60","1,302.20",232.6,631.25,114.9,755.2,293.4,14.4,209.7
17-Jun-21,205.65,"1,495.30","1,271.70",238.1,630.85,120.6,761.45,298.15,15.1,206.75
18-Jun-21,204.55,"1,503.30","1,254.80",233.95,624.7,126.6,757.35,296.6,15.85,212
21-Jun-21,204.45,"1,500.30","1,270.25",232,634.05,125.95,733.7,299.1,16.6,210.1
22-Jun-21,205.1,"1,511.85","1,269.10",235.15,649,119.7,747.25,305.1,17.4,212.2
23-Jun-21,203.95,"1,503.15","1,277.50",232,650.3,116.75,743.7,304.35,16.6,208.35
24-Jun-21,203.25,"1,559.20","1,282.15",231.95,640.1,118.2,742.65,302.9,15.8,207.45
25-Jun-21,205.05,"1,574.20","1,289.15",232.9,630.9,116.3,742.85,311.35,15.05,212.25
28-Jun-21,203.6,"1,571.80","1,290.45",241,630.85,113.45,739.15,324.6,14.3,214.7
29-Jun-21,203.3,"1,563.05","1,287.95",237.75,640.25,107.8,736.85,335.5,15,211.85
30-Jun-21,202.7,"1,580.80","1,287.10",240.3,647.85,109.4,734.3,340.4,15,210.5
1-Jul-21,203,"1,560.40","1,319.65",243.4,650.3,106.8,732.25,333.7,14.25,209.85
2-Jul-21,202.4,"1,567.80","1,329.00",247.05,654,111.9,719.9,330.05,14.9,210.9
5-Jul-21,203.65,"1,578.95","1,361.20",248.95,641.9,109.8,722.9,338.4,14.2,213.85
6-Jul-21,202.5,"1,562.20","1,360.75",247.05,638.55,108.75,730.05,336.1,13.5,213.35
7-Jul-21,203.75,"1,564.60","1,358.10",243.9,646.25,109.55,733.25,334.45,12.85,223.4
8-Jul-21,202,"1,560.75","1,348.90",243,664.95,108.2,727.2,334.5,13.45,215.75
9-Jul-21,201.35,"1,562.90","1,333.10",239.4,664.35,106.75,735.3,337.8,14.1,218.95
12-Jul-21,201.1,"1,547.85","1,353.20",237,667.45,105.05,730.5,352.95,14.05,220
13-Jul-21,201.85,"1,544.95","1,359.80",235.85,660.3,104.1,743.3,377.65,13.4,219.4
14-Jul-21,204.1,"1,576.90","1,403.35",233.85,655.9,105.65,747.55,373.35,13.35,218.75
15-Jul-21,206.25,"1,580.80","1,390.45",239.3,641.9,102.15,749.8,362.1,13.1,214.95
16-Jul-21,207.9,"1,555.45","1,361.15",237.95,655.95,97.05,705.75,377,13,214.85
19-Jul-21,207.75,"1,541.70","1,385.45",235.35,676.65,101.8,713.8,375.8,13.35,209.3
20-Jul-21,206.8,"1,550.05","1,381.05",236.8,676.75,100.45,717.8,388.35,12.9,204.15
22-Jul-21,207,"1,590.20","1,357.50",236.95,677.45,97.95,710.75,401.3,12.4,205
23-Jul-21,212.4,"1,590.45","1,373.75",239.25,685.05,94.75,714.85,405.25,11.8,204.5
26-Jul-21,211.15,"1,603.90","1,349.55",241.9,687.5,97.05,697.1,422.9,12.35,198.45
27-Jul-21,208.65,"1,602.55","1,348.00",246.65,682.5,95.4,694.35,415.9,11.9,196.15
28-Jul-21,209.1,"1,605.60","1,425.40",254.95,681.4,95.85,668.7,410.35,11.4,192.95
29-Jul-21,206.05,"1,617.00","1,426.60",249.7,690.4,92.85,671.55,413.25,11.5,191.3
30-Jul-21,204.95,"1,610.50","1,442.35",252.55,714.65,91.85,685.8,418.05,12.05,192.95
2-Aug-21,207.3,"1,631.55","1,480.55",250.7,702.45,90.25,686.6,418.65,12.65,194.55
3-Aug-21,209.9,"1,655.20","1,513.25",251.4,697.65,88.15,688.7,428.6,13.25,186.75
4-Aug-21,208.6,"1,649.25","1,502.30",255.05,702.85,92.55,679.15,414.85,12.65,180.4
5-Aug-21,215.25,"1,653.55","1,497.25",248.05,700.9,90.35,662.95,401.7,12.2,182
6-Aug-21,214.25,"1,650.20","1,482.35",243.3,693.55,85.85,657.45,394.9,12.8,177.55
9-Aug-21,213.8,"1,663.30","1,471.30",245.15,701.35,83.4,667.7,417.7,12.7,178.6
10-Aug-21,209.85,"1,677.25","1,403.70",238.55,704.8,85,652.75,417.9,12.1,172.75
11-Aug-21,208.65,"1,677.55","1,389.15",232.65,702.65,84.95,636.85,437.1,11.55,177.7
12-Aug-21,208.9,"1,689.60","1,367.75",235.85,701.2,83.05,666.15,456.7,11.95,176.25
13-Aug-21,211.45,"1,712.20","1,426.75",241.25,688.3,79.95,659.65,446.05,11.55,176.15
16-Aug-21,210.9,"1,704.40","1,375.40",236.5,680.7,77.3,646.4,428.45,11,172.85
17-Aug-21,209.2,"1,741.65","1,398.90",257.7,682.7,77.45,632.35,427.45,10.45,170
18-Aug-21,208.95,"1,733.45","1,405.95",264.6,694.45,73.6,622.2,437.95,10.6,168.85
20-Aug-21,208.9,"1,732.95","1,394.75",267.75,691.05,77.25,623.1,435.3,10.1,162.75
23-Aug-21,206.3,"1,738.75","1,393.45",277.6,698.8,81.1,608.7,446.4,9.6,157.6
24-Aug-21,205.75,"1,720.85","1,408.20",280,699.75,85.15,599.05,455.4,10.05,162.25
25-Aug-21,206.4,"1,735.55","1,401.40",280.05,713.65,89.4,594.35,447.8,10.55,161.55
26-Aug-21,204.6,"1,727.70","1,392.00",280.8,719.05,93.85,594.35,450.3,11.05,162.55
27-Aug-21,205.9,"1,708.80","1,388.20",277.55,719.9,98.5,611.5,437.05,11.2,162.75
30-Aug-21,208,"1,698.05","1,426.85",294.5,725.15,103.4,617,439.35,11.75,169.3
31-Aug-21,211.3,"1,706.45","1,419.15",285.7,724.3,108.55,610.1,443.35,11.4,165.5
1-Sep-21,209.5,"1,677.75","1,383.50",290.5,721.15,103.15,621.1,443.7,11.1,170.95
2-Sep-21,209.75,"1,689.10","1,375.05",284.4,716.9,98,644,437.3,11.65,171.85
3-Sep-21,210.6,"1,700.65","1,367.95",277.45,720.95,93.1,663.3,450.3,12.2,172.2
6-Sep-21,209.3,"1,730.40","1,365.90",287.3,720.25,97.75,656.85,467.8,12.25,174
7-Sep-21,211.75,"1,706.65","1,376.10",283.35,707.4,102.55,658.8,488.35,12.05,173.9
8-Sep-21,211.25,"1,693.25","1,370.20",275.55,707.45,100.55,646.35,487.15,12.65,173.8
9-Sep-21,212.65,"1,691.60","1,357.95",280.6,714.35,99.2,643.65,579.3,13.25,172.15
13-Sep-21,214.15,"1,691.90","1,346.80",277.35,727.2,99.5,637.8,536.45,13.9,172.25
14-Sep-21,216.1,"1,686.15","1,359.90",272.3,720.15,98.55,638.5,547.15,13.85,175.35
15-Sep-21,216,"1,711.45","1,377.35",277.35,710,100.45,631.1,515.4,14.5,179.4
16-Sep-21,230.75,"1,702.25","1,382.50",274.3,711.85,95.45,619.1,514.25,14.05,183.5
17-Sep-21,231.15,"1,691.30","1,406.85",273.3,703.35,94.55,622.45,514.45,13.75,181
20-Sep-21,233.75,"1,687.85","1,396.35",267.95,717,95.9,626.8,507.75,13.4,174
21-Sep-21,241.5,"1,718.45","1,423.15",260.1,722.95,97.05,626.55,509.25,13.1,175.85
22-Sep-21,243.5,"1,716.90","1,450.40",266.45,730,95.85,614.35,498.55,13.4,179.1
23-Sep-21,242.5,"1,742.55","1,462.00",265.25,717.15,97,605.75,489.85,13.55,186.5
24-Sep-21,238.45,"1,763.85","1,435.35",270.9,709.5,96,617.2,488.45,13.1,185.8
27-Sep-21,238.7,"1,721.15","1,425.85",271.55,700.85,98.3,620.3,477.8,13,190.4
28-Sep-21,237.75,"1,687.10","1,395.85",266.5,692.35,97.1,617.5,478.15,12.9,187.4
29-Sep-21,238.1,"1,692.25","1,409.80",263.25,692.35,96.95,617.6,479.4,13.5,188.15
30-Sep-21,236.15,"1,675.20","1,391.75",263.2,700.2,101.75,611.4,475.2,13.65,190.9
1-Oct-21,235.35,"1,665.15","1,410.65",263.5,697.1,106.5,613.9,468.55,13.6,193.5
4-Oct-21,235.35,"1,665.15","1,429.45",265.7,689.5,101.55,633.05,465.2,13.7,193.7
4-Oct-21,236.6,"1,678.75","1,451.25",280.2,702.2,101.95,623.65,508.1,13.5,193.25
5-Oct-21,234.7,"1,692.80","1,477.45",275.55,703.4,101.6,628.5,496.95,14.15,184.7
6-Oct-21,231.25,"1,673.55","1,470.70",278.65,713.3,101.85,632.65,490.35,14.85,189.4
7-Oct-21,232.95,"1,691.00","1,458.15",274.4,708.6,101.65,640.05,495.6,15.55,193.6
8-Oct-21,231.7,"1,723.85","1,433.20",271.45,709.95,106.7,625.15,508.35,16.3,193.05
11-Oct-21,238.05,"1,690.95","1,393.25",268,727.3,112,637.5,502.55,17.1,192.25
12-Oct-21,241.3,"1,685.15","1,456.00",262.9,745.45,123.2,630.6,510.35,16.95,193.35
13-Oct-21,249.2,"1,709.20","1,440.00",269.5,747.45,124.85,626.2,501.7,16.15,191.65
14-Oct-21,256.55,"1,715.75","1,460.25",274.45,745.85,120.9,630.35,508.05,16.95,198.05
18-Oct-21,262.55,"1,792.15","1,497.20",262.7,755.5,123.2,628.5,487.35,16.15,190.2
19-Oct-21,245.95,"1,822.15","1,442.15",255.85,759.3,117.05,625.15,445.6,15.35,188.95
20-Oct-21,246.6,"1,802.35","1,426.65",254.05,841.7,111.2,635.4,449.6,15.85,196.95
21-Oct-21,244.7,"1,753.65","1,388.50",265.1,829.4,112.2,636.65,480.1,15.3,200.85
22-Oct-21,236.6,"1,719.80","1,335.10",256.15,835,108.75,630.35,470.25,14.9,205.3
25-Oct-21,233.4,"1,707.55","1,358.35",248.9,798.7,103.45,611.4,461.65,15.6,210.85
26-Oct-21,236.7,"1,703.70","1,335.55",257.25,802.05,100.5,604.2,467.2,15.55,208.25
27-Oct-21,238.45,"1,728.95","1,307.15",253.6,803.9,102.85,606.2,466.5,14.8,201.05
28-Oct-21,225.1,"1,703.90","1,307.40",248.8,800.95,104.1,600.65,456.9,14.1,180.55
29-Oct-21,223.2,"1,667.75","1,264.50",244.3,785.95,103.25,600.6,462.45,14,185
1-Nov-21,226.85,"1,700.05","1,282.85",242.4,782.1,105.4,599.65,456.15,14.7,206.75
2-Nov-21,225.6,"1,697.90","1,277.25",248.45,780.15,104.5,596.2,464.3,14.2,203.1
3-Nov-21,222.45,"1,702.50","1,310.30",251.85,786.55,109.7,610.15,480.75,14.3,203.55
4-Nov-21,226.55,"1,708.70","1,281.95",252.35,780.9,110.15,615.8,466.85,14.1,204.15
8-Nov-21,229.8,"1,737.50","1,268.40",251.15,771.45,108.1,606.2,473.2,14.15,217.25
9-Nov-21,228.75,"1,742.50","1,240.75",268.1,776.6,108.45,611.1,479.45,14,216.15
10-Nov-21,230.85,"1,740.15","1,237.70",264.8,773.3,107.15,608.3,499.85,13.8,211.6
11-Nov-21,230,"1,733.30","1,225.75",254.35,764.05,106.75,618.8,491.65,13.95,211.2
12-Nov-21,232.9,"1,780.20","1,216.00",257.25,761.3,104.3,619.85,449,13.75,207.25
15-Nov-21,238.1,"1,787.15","1,207.90",276.4,762.9,102.9,611.95,444.85,13.9,209.85
16-Nov-21,235.45,"1,792.30","1,247.10",285.25,752,100.95,611.55,449.45,13.9,207.6
17-Nov-21,239.5,"1,787.45","1,260.25",286.2,751.85,105.95,616.7,449.3,13.5,203.35
18-Nov-21,237.5,"1,779.40","1,222.10",283.1,760.2,105.9,615.45,449.75,12.85,193.35
22-Nov-21,230.9,"1,759.40","1,233.45",266.9,751.05,105.05,611.05,427.35,13.45,196.35
23-Nov-21,231.6,"1,736.90","1,245.45",277.55,722.2,101.25,610.8,416.25,13.6,200.05
24-Nov-21,227.7,"1,696.00","1,293.55",284.75,718.4,98.4,598.05,446.55,14.25,200.5
25-Nov-21,231.3,"1,722.40","1,298.20",288.65,714.35,99.35,600.65,447.35,13.55,185.85
26-Nov-21,224,"1,691.65","1,283.35",283.35,727.7,101.25,597.7,440.3,12.9,181.7
29-Nov-21,221.5,"1,696.35","1,299.25",288.25,722.4,101.75,599.8,439.45,12.9,182.65
30-Nov-21,221.15,"1,712.65","1,276.35",280.8,716.3,100.8,597.1,434.65,12.65,191.9
1-Dec-21,221.9,"1,714.90","1,275.80",286.6,709.55,99.5,586.2,425.5,13.05,192.05
2-Dec-21,225.45,"1,748.25","1,303.25",289.1,734.65,100.35,583.85,450.3,12.6,192.75
3-Dec-21,221.65,"1,735.55","1,292.35",285.45,753.4,103.95,586,446.15,12.35,189.9
6-Dec-21,217.9,"1,695.30","1,341.35",271.1,755,103.55,591.7,439.5,12.7,193.15
7-Dec-21,220.65,"1,711.65","1,358.45",273.5,758,104.05,597.6,449.35,12.75,197.9
8-Dec-21,224.95,"1,753.35","1,369.80",272.45,754,103.75,597,463.75,13.35,199.05
9-Dec-21,235.4,"1,763.45","1,391.75",276.45,758.65,103.35,590.9,469.8,14,198.45
10-Dec-21,236.1,"1,759.25","1,457.05",280.65,752.25,102.2,591.4,480,13.8,196.45
13-Dec-21,234.6,"1,744.65","1,445.40",283,741.15,101.3,586.2,473.6,13.95,193.5
14-Dec-21,228.6,"1,752.15","1,414.50",282.85,728.3,100.1,600.6,449.85,13.8,190.35
15-Dec-21,224.05,"1,734.20","1,371.20",289.25,709.95,97.1,592.35,460.5,13.5,187.2
16-Dec-21,222.9,"1,771.60","1,354.20",290.05,720.35,98.85,591.25,462.8,13.15,179.4
17-Dec-21,217.95,"1,820.85","1,310.75",276.3,732.8,99.65,589.4,475.1,12.5,167.55
20-Dec-21,212.4,"1,798.90","1,356.40",268.1,731.3,99.3,600.35,477.6,12.6,169
21-Dec-21,212.5,"1,811.60","1,394.70",277.95,727.1,98.65,583.6,470.1,13.2,175.2
22-Dec-21,212,"1,824.70","1,395.60",277.8,736,99.45,564.55,498.7,13,177.95
23-Dec-21,217.3,"1,857.60","1,375.65",277.4,735.8,101,558.4,524.6,12.75,172.9
24-Dec-21,218,"1,863.50","1,363.95",273.65,735.7,99.85,567.55,518.7,12.9,140.95
27-Dec-21,217.55,"1,866.15","1,379.65",279.4,735.7,99.45,579.8,521.55,13.5,145.7
28-Dec-21,220.05,"1,888.00","1,400.80",282.8,740.15,99.7,575.75,533.3,13.45,144.3
29-Dec-21,216.75,"1,885.55","1,397.35",289.5,764.7,101.3,566.75,520.7,13.1,130.7
30-Dec-21,216,"1,892.85","1,464.45",291.45,772.85,100.55,572.9,520.45,13.6,127.15
31-Dec-21,218.05,"1,887.75","1,445.30",297.3,788.05,99.85,578.2,498.15,14.25,132.75
3-Jan-22,219.1,"1,898.45","1,421.20",309.5,785.05,99.85,586,499.3,13.9,130.85
4-Jan-22,220.25,"1,899.15","1,502.25",304.25,793.25,100.2,586.6,495.2,13.85,132.75
5-Jan-22,220.55,"1,844.65","1,481.40",293.9,810.75,108.7,590.15,493.15,14.3,136.2
6-Jan-22,218.7,"1,817.80","1,463.10",288.65,810.65,108.55,584.25,495.4,14.15,135.1
7-Jan-22,218.4,"1,814.30","1,485.65",286.95,823.75,119.4,584.15,486.9,14.85,141
10-Jan-22,223.3,"1,850.75","1,479.30",289.4,824.7,116.45,579.45,474,14.3,143
11-Jan-22,221.95,"1,855.60","1,557.70",286.05,820,117.15,564.6,480.9,14.35,149.8
12-Jan-22,222.75,"1,877.45","1,545.50",293.45,819.3,116.05,564.05,475.2,14.25,148.45
13-Jan-22,223.95,"1,896.80","1,545.25",287.8,823.1,109.75,568.3,474,14.95,156.5
14-Jan-22,222.6,"1,929.35","1,551.60",286.45,808.6,113.9,568,461.5,15.65,155.2
17-Jan-22,224.6,"1,939.50","1,485.45",289.4,810.25,113.75,569.45,444.15,16.1,149.2
18-Jan-22,220.75,"1,920.75","1,523.60",289,804.5,109.95,571.05,415.65,15.85,150.85
19-Jan-22,220.35,"1,867.05","1,449.80",286.5,798.45,102.8,570.05,410.5,16.55,151.45
20-Jan-22,218.75,"1,823.70","1,374.35",280.25,801.65,107.15,561,402.55,16.05,146.75
21-Jan-22,217.05,"1,785.70","1,293.35",276,794.65,105.65,561.8,409.4,15.25,137.75
24-Jan-22,211.8,"1,736.80","1,292.50",266.25,781.15,105.75,562.3,415.5,14.75,144
25-Jan-22,214.3,"1,722.15","1,278.10",271.05,788.8,106.25,551.75,424.1,14.8,153.15
27-Jan-22,214.6,"1,678.60","1,267.35",262.6,810.3,108,543.9,436.75,15.2,147.55
28-Jan-22,217.6,"1,686.20","1,283.30",265.3,813.75,108.35,536.6,428.5,14.8,148.3
31-Jan-22,220.2,"1,736.20","1,305.65",270.3,808.95,107.6,526.1,414.95,15.5,150.35
1-Feb-22,227.75,"1,772.05","1,312.35",275.45,805.05,108.55,520.6,401.8,16.05,154.7
2-Feb-22,232.15,"1,787.10","1,303.50",277.65,786.4,111.7,519.15,389.4,16.85,153.55
3-Feb-22,234.45,"1,738.55","1,311.75",268.5,792.5,108.15,521.55,387.2,17.65,149.65
4-Feb-22,234.3,"1,741.10","1,275.90",264.8,802.8,107.6,528.6,403.8,18.5,146.25
7-Feb-22,230.2,"1,715.00","1,268.55",263.6,805.5,122.75,524.35,390,17.6,144.65
8-Feb-22,231.25,"1,717.30","1,284.35",260.85,790.8,125,526.55,360.55,17,146.3
9-Feb-22,230.15,"1,737.30","1,307.00",258.6,753.7,113.35,489.2,380.5,16.15,146.4
10-Feb-22,232.25,"1,769.60","1,254.90",261.9,776.05,117.95,470.75,378.05,15.95,141.8
11-Feb-22,232.45,"1,721.35","1,210.95",259.2,764.05,126.75,464.6,372.6,15.2,135.25
14-Feb-22,219.45,"1,682.20","1,265.95",259,750.35,132,466.05,361.9,14.55,143.1
15-Feb-22,223,"1,738.25","1,255.30",266.4,748.9,131.6,461.25,348.8,14.8,143.3
16-Feb-22,222.75,"1,733.30","1,243.00",266.9,754.45,120.15,457.4,337.05,14.15,140.35
17-Feb-22,222.65,"1,724.80","1,236.70",263.05,751.3,120.55,452.4,343.9,14.15,140.25
18-Feb-22,221.9,"1,706.95","1,233.35",261.15,744.6,125.55,445.9,316.55,13.6,137.95
21-Feb-22,218,"1,730.70","1,220.50",256.25,707.4,111.15,439.4,339.7,12.95,137.95
22-Feb-22,214.85,"1,734.35","1,214.60",249.35,730.05,124.05,443.75,346.35,13.55,138.75
23-Feb-22,215.95,"1,742.85","1,134.80",245.4,742.7,123.75,435.15,349.5,12.9,122.3
24-Feb-22,208.5,"1,678.15","1,177.35",233.3,714.85,123.1,422,354.45,13,132.95
25-Feb-22,213.95,"1,694.60","1,183.25",241.35,698.3,122.7,419.15,349.25,13.05,133.35
28-Feb-22,215.85,"1,715.60","1,177.20",245.5,688.05,119.75,401.15,337.25,13.15,132.85
2-Mar-22,215.3,"1,702.80","1,166.05",246.65,653.75,116.45,404.75,337.45,13.05,131.15
3-Mar-22,219.4,"1,720.85","1,144.35",267,665,118.7,397.05,361.85,12.85,126.55
4-Mar-22,225.5,"1,723.30","1,130.05",263.5,667.45,121.3,414.1,363.95,12.65,121.85
7-Mar-22,224.95,"1,739.85","1,138.30",256.55,676.6,122.5,413.05,364.2,12.8,128.45
8-Mar-22,226.9,"1,778.20","1,160.00",259.35,677.9,121.8,396.6,365.85,13.35,131.6
9-Mar-22,229.25,"1,813.35","1,156.90",264.3,696.15,122.15,397,361.4,13.55,133.3
10-Mar-22,232,"1,825.90","1,146.65",260.5,697.35,122.3,397.05,367.35,14.2,133.85
11-Mar-22,236.35,"1,822.00","1,146.85",262.4,708,122.9,405.2,376.9,13.85,133.15
14-Mar-22,239,"1,890.70","1,124.65",257.75,720.1,125.1,424.3,371.3,13.45,129.25
15-Mar-22,237.85,"1,839.30","1,169.25",251.75,710.75,124.55,417.5,385.75,14.1,133.3
16-Mar-22,242.6,"1,889.40","1,157.35",253.7,718.2,123.75,405.25,383.15,13.75,136.45
17-Mar-22,244.9,"1,854.60","1,147.80",254.45,718.3,130.2,403.5,377.8,13.65,133.3
21-Mar-22,244.5,"1,853.05","1,142.70",258.35,704.2,132.15,405.45,375.45,13,134.8
22-Mar-22,249.75,"1,887.40","1,184.30",261.7,699.25,143.2,407.45,372.15,12.85,134.25
23-Mar-22,252,"1,872.40","1,164.85",266.95,710.35,152.25,449.65,373.2,13,135
24-Mar-22,254.85,"1,886.70","1,166.40",280.2,715.3,173.55,440.35,372.45,13,133.35
25-Mar-22,253.35,"1,876.55","1,156.55",275.65,730.9,171.5,435.05,366.95,12.35,130.6
28-Mar-22,257.05,"1,873.90","1,153.85",270.95,730.3,185.1,434.85,377.25,12.95,128.65
29-Mar-22,254.6,"1,886.00","1,158.05",271.35,736.25,203.45,430.85,383.15,13.55,129.25
30-Mar-22,249.2,"1,903.95","1,228.60",280.35,746.6,211.95,410.35,386.7,13.5,130.2
31-Mar-22,250.65,"1,906.85","1,239.15",290.4,741.8,233.1,399.9,383.7,14.15,137
1-Apr-22,253.3,"1,903.55","1,239.15",284.1,741.6,244.75,398.8,384,14.2,141.9
4-Apr-22,255.45,"1,882.95","1,235.40",276,748.55,232.55,388.15,385.15,14.85,141.45
5-Apr-22,259.45,"1,861.10","1,241.50",275.5,754.3,220.95,410.8,376.9,15.55,139.8
6-Apr-22,259.6,"1,828.85","1,267.65",277,759.6,231.6,436.1,357.95,16.3,137.2
7-Apr-22,256.65,"1,811.00","1,328.00",271.05,763.85,230.8,466.05,358.1,15.5,128.1
8-Apr-22,267.8,"1,814.60","1,349.30",271.9,762.25,223.25,465.2,342.65,15.6,131.25
11-Apr-22,267.5,"1,766.55","1,335.75",276,757.8,234.4,453.85,323.35,15.7,131.75
12-Apr-22,264.8,"1,742.45","1,316.75",276.3,766.3,232.45,462.75,314.35,15.15,130.9
13-Apr-22,269.55,"1,748.55","1,302.55",270.75,755.55,235.05,472.95,340.65,14.85,130.2
18-Apr-22,270.1,"1,621.40","1,307.80",272.15,762.35,246.8,476.5,340.65,14.4,124.6
19-Apr-22,261.55,"1,562.00","1,282.50",270.85,747.65,259.1,476.2,328.8,14.4,124.05
20-Apr-22,259.55,"1,587.70","1,312.35",270.85,752.2,272.05,461.75,333.45,14.75,126.55
21-Apr-22,260.4,"1,618.80","1,282.00",278.8,753.75,285.65,462.25,331.2,15.15,124.1
22-Apr-22,261.1,"1,585.45","1,234.10",274.4,736.7,299.2,477.35,332.05,14.95,120.45
25-Apr-22,255.25,"1,561.10","1,119.50",270.05,747.15,284.25,482.75,323.1,14.55,124.05
26-Apr-22,258.95,"1,581.00","1,104.65",275.8,743.3,280.35,483.65,307.5,14.5,121.75
27-Apr-22,257.5,"1,552.80","1,078.05",272.75,741,280.35,479.55,303.55,14.4,120.95
28-Apr-22,261.1,"1,582.60","1,085.35",268.25,724.25,266.35,471.45,310.1,13.95,120.2
29-Apr-22,259.55,"1,567.55","1,094.50",267.15,728.8,278.15,462,302.8,14.25,117.25
2-May-22,263.15,"1,541.00","1,083.50",264.05,719.25,292.05,456.65,292.7,14.2,116.75
4-May-22,259.75,"1,535.55","1,038.55",259.55,710.35,281.6,471.65,285.4,13.55,118.75
5-May-22,262.05,"1,585.15","1,020.65",253.8,711.3,267.55,459.8,293.9,13.4,114.7
6-May-22,266.65,"1,542.85","1,037.75",250.9,714.2,255.3,442.3,305.6,13.1,112.2
9-May-22,262.95,"1,570.35","1,022.85",245.85,695.8,242.55,437.95,302.2,13.7,113
10-May-22,259.75,"1,553.00","1,001.90",242.95,677.35,254.65,432.3,291.6,13.1,108.25
11-May-22,255.65,"1,526.75",972.75,242.1,683,267.35,422.4,303.2,13,101.7
12-May-22,252.9,"1,508.80",974.1,237.85,710,280.7,416.8,302.65,12.4,110.85
13-May-22,258.6,"1,504.40",964.8,236,707.35,294.7,401.95,291.7,12.5,116.55
16-May-22,254.1,"1,489.10",970.1,236.5,690.3,297.4,400.4,297.15,11.9,120.65
17-May-22,264.7,"1,518.45","1,007.90",240.95,709.55,312.25,398.6,290.45,12.45,119.6
18-May-22,266.8,"1,509.20",984.55,240.35,711.05,327.85,403.4,284.35,12.45,113.8
19-May-22,275.65,"1,427.15",973.4,235.05,708.15,311.5,411.7,270.35,12.3,117.05
20-May-22,280,"1,455.15",981.2,241,713.35,299.35,411.1,282.55,12.85,115.45
23-May-22,274.5,"1,468.40",972.5,242.2,728.5,314.3,399.7,293.05,12.4,112.8
24-May-22,270.85,"1,441.00",965.4,245.3,739.8,328.1,408,303.9,12.55,107.85
25-May-22,272.7,"1,410.45",939.3,241.8,748.5,340.25,419.8,305.8,12.1,111.4
26-May-22,266.7,"1,423.95",943.55,238.15,752.85,323.25,406.25,303.45,11.9,112.05
27-May-22,269.2,"1,461.35",979.25,234.7,752.65,307.1,390.45,313.4,11.85,114
30-May-22,269.05,"1,526.80","1,004.70",244.7,749.75,295.35,396.8,308.2,12,112.3
31-May-22,270.65,"1,503.60",985.05,238.05,744.3,284.1,404.65,305,12.6,111
1-Jun-22,271.85,"1,478.55",970.75,243.7,746.75,298.3,407.1,299.2,13.2,109.55
2-Jun-22,273.5,"1,508.00",968.75,241.65,735.25,291.4,384.25,297.1,13.85,106
3-Jun-22,272.7,"1,521.70",955.25,240.55,729.5,284.5,394.95,298.6,13.25,108.8
6-Jun-22,274.8,"1,530.05",942,242.55,732.75,287.75,393.35,288.45,13.8,110.3
7-Jun-22,273.9,"1,506.70",930.85,241.2,720,280.1,392.65,278.65,14.3,111.3
8-Jun-22,267.9,"1,500.00",920.05,240.45,688,266.2,398.95,280.2,13.85,113.9
9-Jun-22,270.85,"1,515.00",958.35,245.3,685.5,266.65,397.6,280.2,13.95,113.6
10-Jun-22,270.15,"1,476.80",948.5,244.25,687.25,272.05,395.85,266.65,13.55,87.85
13-Jun-22,264.65,"1,424.50",921.3,236,678.5,259.3,385.4,263.25,12.9,87.45
14-Jun-22,265.45,"1,440.55",920.95,230.75,686.85,261.3,381.25,253.95,12.85,88.75
15-Jun-22,263.4,"1,422.20",875.35,233.95,685.95,248.25,374.4,262.4,12.65,81.9
16-Jun-22,260.7,"1,397.20",875,228,696.1,254.05,363.95,264.95,12.05,81.4
17-Jun-22,263.3,"1,387.30",870.05,227.5,686.6,247.3,366,268.7,12.15,77.2
20-Jun-22,264.1,"1,414.15",870.75,226.05,699.15,252.6,358,272.05,11.1,83.25
21-Jun-22,269.9,"1,449.90",885.75,234.3,713.45,264.45,333.05,278.2,11.45,85.55
22-Jun-22,265.3,"1,437.25",894,229.2,717.35,272.9,321.75,270.65,11.4,87.15
23-Jun-22,265.5,"1,452.45",902.55,236.1,710.3,270.25,327.15,270.95,11.6,87.7
24-Jun-22,265.85,"1,441.10",921.6,235.9,702.75,270.05,323.1,272.1,11.85,91.25
27-Jun-22,269.95,"1,474.60",929.4,230.5,707.2,262.85,330.9,270,11.8,88.95
28-Jun-22,271.85,"1,480.15",925.85,230.45,703.9,263.25,344.3,272.1,11.8,84.3
29-Jun-22,274.05,"1,463.25",924.65,233.65,720.1,261.7,351.65,272.5,11.75,83.45
30-Jun-22,273.5,"1,461.90",914.25,240,719.45,262.75,347,269.6,11.5,86.2
1-Jul-22,284.35,"1,479.40",934.65,235.9,725.95,262.7,346,267.1,11.4,87.55
4-Jul-22,291.9,"1,488.00",947.55,241.5,742,275.6,343.7,269.7,11.35,81.5
5-Jul-22,286.9,"1,475.95",949.55,239.8,755.7,271.55,338.75,261.1,11.35,83.4
6-Jul-22,289.3,"1,491.65",963.95,238.1,769.5,285.1,343.9,255.2,11.2,85.5
7-Jul-22,291.95,"1,498.70",977.9,253,759.9,292.75,347.25,255.6,11.45,83.7
8-Jul-22,293.05,"1,514.45",974.55,250.8,753.2,286.65,344.75,252.4,11.4,86.85
11-Jul-22,295,"1,473.15",999.15,248.15,752.4,283.7,367.65,249.85,11.65,84.15
12-Jul-22,292.7,"1,438.60",993.6,252.7,751.2,286.75,362,255.05,11.5,84.2
13-Jul-22,294.05,"1,444.45",983.4,252.6,772,289.85,368,255.95,11.5,82.2
14-Jul-22,290.85,"1,428.85",965.15,259.1,780.65,293.35,363.55,255.85,11.4,81.9
15-Jul-22,293.55,"1,430.35",983.6,261.55,783.1,289.9,363.6,260.85,11.3,85.9
18-Jul-22,295.3,"1,489.90","1,011.90",268.3,786,294,368.2,258,11.5,91.4
19-Jul-22,294.6,"1,484.15",995.15,267.2,800.05,291.3,367.05,253.95,11.8,91.45
20-Jul-22,298.2,"1,515.30",978.9,264.05,800.05,291.3,369.75,249.65,11.85,94.95
21-Jul-22,299.55,"1,532.90","1,077.10",277.35,800.9,291.7,370.5,246.65,11.85,92.2
22-Jul-22,300.55,"1,506.30","1,056.15",278.05,796.3,297.7,363.8,245.9,11.75,94.7
25-Jul-22,300.55,"1,506.30","1,055.55",275.8,800.5,312.45,367.9,247.55,11.55,92.15
25-Jul-22,301.1,"1,503.60","1,041.35",267.25,814.6,321.95,367.45,250.1,11.9,91.65
26-Jul-22,302.45,"1,451.15","1,035.25",266.65,818.6,313.95,362.85,249.95,11.9,92.25
27-Jul-22,304.15,"1,471.05","1,034.05",276.7,823.4,321.85,356.85,249.9,11.75,92.25
28-Jul-22,303.45,"1,517.40","1,045.90",278.45,817.75,328.55,353.05,246.7,12.4,96.15
29-Jul-22,303.05,"1,549.70","1,049.20",273.6,824.8,339.6,356,247.45,13,98.85
1-Aug-22,307.5,"1,551.05","1,058.85",268.8,820.25,347.25,361.4,229.35,13.3,96.45
2-Aug-22,309.95,"1,543.60","1,073.35",264.7,838.2,332.05,371.75,234.55,13,96.2
3-Aug-22,308.15,"1,566.10","1,051.05",267.9,838.2,332.05,361,231.5,13.2,96.4
4-Aug-22,309.5,"1,599.90","1,101.35",264.4,836.95,328.6,348.05,231.3,13.15,98.25
5-Aug-22,310.85,"1,616.65","1,091.70",269.15,848.75,339.75,354.35,243.1,13.3,96.95
8-Aug-22,310.85,"1,616.65","1,083.60",267.3,859.7,342.4,346.75,241.7,14.15,97.65
8-Aug-22,313.15,"1,619.40","1,094.00",270.85,874.4,345.15,347.6,239.3,13.6,98.1
10-Aug-22,311.2,"1,602.45","1,094.40",281.35,879.25,362.35,349.9,237.9,13.4,97.9
11-Aug-22,306.25,"1,619.95","1,083.60",292.25,883.25,380.45,353.35,231.5,13.4,100.9
12-Aug-22,308.55,"1,594.10","1,075.85",293.65,885.1,399.45,350.25,229.5,13.65,103.1
16-Aug-22,310.55,"1,596.45","1,086.40",291.65,870.4,411.95,344.15,230.95,14.2,99.95
17-Aug-22,312.55,"1,606.25","1,125.00",298.75,852.25,432.5,343.8,231.5,14.95,98.25
18-Aug-22,315.65,"1,582.95","1,133.95",295.4,863.9,410.9,345.6,232.9,15.65,104.1
19-Aug-22,312,"1,597.10","1,151.20",296,873.3,390.4,345.6,230,15.4,121.75
22-Aug-22,314.4,"1,575.65","1,168.90",291.75,872.35,393.5,341.5,230.9,15.3,128
23-Aug-22,315.9,"1,542.40","1,157.35",292.65,870.85,375.5,337.35,230.95,15.05,124.45
24-Aug-22,314.1,"1,537.50","1,168.05",291.2,855.85,394.25,339.3,230.3,16.25,122.65
25-Aug-22,312.35,"1,518.15","1,164.65",290.1,887.3,413.95,337.7,230.75,16.3,122.3
26-Aug-22,312.9,"1,521.55","1,202.25",294.3,874.35,408.5,337.05,229.75,16.8,122.15
29-Aug-22,313.55,"1,461.75","1,257.05",294.05,872.4,401.25,348.8,228.95,20.15,121.9
30-Aug-22,320.5,"1,492.95","1,245.50",291.65,882.45,389.85,350.55,235.2,21.2,124.05
1-Sep-22,317.6,"1,464.20","1,264.50",287,883.65,407.75,339.35,235.25,23.3,122.65
2-Sep-22,323.15,"1,453.00","1,247.35",287.55,876.2,406.3,332.35,237.35,21.95,122.95
5-Sep-22,328.85,"1,461.30","1,249.95",289.9,898.8,401.9,328.3,236.65,21.65,124.5
6-Sep-22,327.15,"1,455.10","1,250.20",288.8,901.25,397,328.25,231.1,21.3,128.6
7-Sep-22,326.1,"1,457.65","1,249.60",288.15,907.2,397.6,326.6,228.7,19.2,127.95
8-Sep-22,329.9,"1,475.90","1,254.35",292.4,910,393.6,327.2,225.15,21.1,128.95
9-Sep-22,330.5,"1,511.65","1,236.05",292.1,918.1,384.55,325.55,222.3,20.05,133.25
12-Sep-22,330.9,"1,536.20","1,230.40",307.7,917.6,399.2,324.05,226.1,19.05,130.65
13-Sep-22,334.4,"1,544.95","1,239.15",306.55,909.1,387.75,330.9,222.7,18.1,124.35
14-Sep-22,335.35,"1,475.40","1,203.50",297.2,899.2,391.85,331.45,220.05,18.45,124.5
15-Sep-22,334.1,"1,432.80","1,193.30",321.05,916.75,398.25,331.75,221.6,17.65,127.65
16-Sep-22,331.3,"1,377.05","1,219.60",314.95,915.25,390.5,313.3,217.3,18.2,127.35
19-Sep-22,335.6,"1,390.30","1,208.85",311.35,903.4,396.25,315.15,217.1,17.3,127.6
20-Sep-22,336,"1,388.55","1,208.60",265.55,882.25,385.6,351.65,214.9,17.3,123
21-Sep-22,340.95,"1,377.25","1,168.85",262.25,861.05,366.5,343.25,210,16.9,112.55
22-Sep-22,345.05,"1,367.95","1,130.80",258.05,852.55,372.55,345.05,211.65,16.35,112.3
23-Sep-22,346.4,"1,365.45","1,116.15",258.9,849.5,367.75,335.3,209.85,16.2,111.45
26-Sep-22,332.6,"1,380.25","1,129.25",258.4,843.9,369.45,329.75,221.65,16.1,109.85
27-Sep-22,334.85,"1,393.55","1,121.90",261.7,862,373.5,326.55,224.25,16.05,113.75
28-Sep-22,324.95,"1,394.70","1,150.80",264.2,862,354.85,325.15,225.8,16.4,113.75
29-Sep-22,333.05,"1,398.65","1,150.80",264.2,848.35,373.5,330.65,227.15,16.45,111.05
30-Sep-22,332.2,"1,413.45","1,160.05",261.1,867.65,352.5,335.95,220.65,16.4,117.75
3-Oct-22,332.2,"1,413.45","1,189.70",267.6,885.45,370.1,328.1,222.3,16.75,121.15
3-Oct-22,324.4,"1,393.75","1,182.15",277.95,882.55,372.85,335.5,218.3,17.55,122.6
4-Oct-22,332.85,"1,429.40","1,217.90",275.2,881.75,365.35,343.15,218.95,17.75,120.65
6-Oct-22,336.65,"1,455.15","1,219.40",271.4,881.75,356.85,347.7,214.4,16.9,120.1
7-Oct-22,334.1,"1,451.20","1,176.55",265.8,870.6,356.8,343.5,215.5,16.35,123.75
10-Oct-22,327.85,"1,462.65","1,183.25",269.85,868.35,346.85,330.25,215.55,16.5,122.9
11-Oct-22,327.85,"1,423.80","1,165.55",272.85,853.6,331.25,329.55,221.75,16.2,124.1
11-Oct-22,326.3,"1,428.70","1,163.70",274.2,870.25,340.65,327.55,217.55,16.2,124.1
12-Oct-22,330.1,"1,419.90","1,195.85",272.1,885.2,345.6,322.7,213.7,16.6,127.05
13-Oct-22,328.65,"1,474.25","1,238.20",272.95,896.9,333.6,323.9,212.8,16.35,129.35
14-Oct-22,332.1,"1,489.95","1,210.65",273.05,892.1,338.45,323.5,214.05,16.1,128.75
17-Oct-22,332.25,"1,503.70","1,209.25",272.15,888.65,332.2,320.7,218.8,16.35,128.8
18-Oct-22,340.3,"1,485.45","1,211.50",274.45,907.15,335.55,323.1,223.4,16.55,133.25
19-Oct-22,346.35,"1,500.90","1,226.00",272.8,926.3,332.35,339.7,221.7,16.3,127.3
20-Oct-22,349.7,"1,500.50","1,233.70",265.75,926.3,337.4,335.9,218.35,16.15,123.8
21-Oct-22,345.6,"1,517.85","1,225.35",272.7,925.05,333.3,336.7,215.9,16,136.35
24-Oct-22,347.7,"1,526.30","1,238.90",277.65,924.4,334.9,348.5,217,16.1,137.5
25-Oct-22,347.7,"1,523.95","1,258.95",277.45,907.85,348.9,371.5,216.7,16.05,135.15
25-Oct-22,346.3,"1,513.25","1,269.50",277.45,908.7,343.15,367.05,215.6,16.1,134.9
27-Oct-22,345.8,"1,537.65","1,269.85",280.25,908.6,336.75,385.15,214.05,16,133.8
28-Oct-22,345.8,"1,573.00","1,269.85",280.25,904.7,346.85,376.7,218.6,16.8,134.9
31-Oct-22,348.7,"1,553.30","1,269.95",283.4,908.65,348.6,369,219.3,16.85,134.8
1-Nov-22,349.5,"1,553.30","1,294.05",282.4,905.3,365.8,386.15,218.4,16.45,136.25
2-Nov-22,354.65,"1,530.75","1,302.50",287.45,917.5,371.4,378.95,217.9,16.1,139.25
3-Nov-22,354.65,"1,514.00","1,321.95",281.4,910.5,360.2,389.7,216.05,16,138
3-Nov-22,353.7,"1,507.45","1,314.15",279.4,910.7,359.8,387,214.65,16.05,142.55
4-Nov-22,353.6,"1,511.20","1,313.85",282.25,906.55,357.05,389.15,213.05,16.1,144.7
7-Nov-22,353.5,"1,501.95","1,313.85",282.25,906.55,345.15,386.05,210.35,16,145.15
9-Nov-22,360.7,"1,570.10","1,320.80",303.85,894.95,336,389.5,213.8,15.65,142.8
10-Nov-22,356,"1,585.30","1,333.30",301.5,911.7,336.5,393.05,217.35,15.5,145.2
11-Nov-22,356.35,"1,594.00","1,306.80",294,913.6,331.2,379.3,216.7,15.5,144.05
14-Nov-22,356.35,"1,602.80","1,303.80",285.35,919.8,328.5,382.6,220.6,15.05,142.8
14-Nov-22,347.2,"1,587.40","1,292.55",285.7,920.35,325.95,379.9,222.1,15.2,141.75
15-Nov-22,345.25,"1,593.40","1,289.25",283.3,921.4,324.95,381.25,222.9,15.25,140.95
16-Nov-22,344.1,"1,568.20","1,290.90",280.45,923.7,323.95,378.4,228.4,16,141.95
17-Nov-22,343.7,"1,585.05","1,293.25",276.8,927.45,328.25,381.1,236.75,16,150.05
18-Nov-22,341.05,"1,583.15","1,287.50",284.6,938.85,324.7,379.4,238.25,15.9,150.5
21-Nov-22,337.2,"1,629.80","1,296.15",287.55,930.3,332.75,381.7,233.7,16.05,152.85
22-Nov-22,340.25,"1,635.65","1,309.40",292.5,937.4,330.4,381.3,231.35,16,153.4
23-Nov-22,339.8,"1,623.40","1,274.20",294.25,946.75,325.3,391.55,230.65,16.8,153.3
24-Nov-22,340.75,"1,629.05","1,300.20",290.1,952.9,323.05,381.15,229.65,16.05,152.5
25-Nov-22,340.3,"1,634.95","1,297.90",291,940.2,324.8,378.75,225.5,15.85,154.85
28-Nov-22,340.05,"1,657.10","1,321.55",288.7,930.6,324.45,375.65,223.55,15.7,153.65
29-Nov-22,342.3,"1,637.90","1,323.10",287.8,933.6,323.75,371.15,224.85,15.85,153.4
30-Nov-22,340,"1,639.75","1,292.80",291.35,922.65,316.05,380,221,15.9,153
1-Dec-22,339.55,"1,612.90","1,268.25",286.8,922.15,310.2,388.35,219.8,15.95,151.75
2-Dec-22,337.15,"1,605.50","1,286.15",282.55,931.9,323,406,216.7,15.75,155.05
5-Dec-22,336.75,"1,620.15","1,268.65",285.7,929.9,319.35,403.05,215,16.45,157.75
6-Dec-22,337.3,"1,569.30","1,277.25",287.9,930.3,315.45,400.5,212.25,15.9,167.55
7-Dec-22,340.1,"1,547.20","1,367.45",286.7,932.95,307.9,404.7,212.1,15.75,169.9
8-Dec-22,338.4,"1,572.15","1,359.55",288.05,921.75,305.8,418.4,202.9,15.8,164.8
9-Dec-22,341.4,"1,579.40","1,312.75",284.4,908.8,305.75,405.9,211.25,15.75,167.95
12-Dec-22,343.2,"1,540.50","1,303.00",277.9,902,290.5,403.15,215.1,15,169.5
13-Dec-22,345.6,"1,522.20","1,313.90",279.8,906.45,276,396.05,216.25,14.25,162.75
14-Dec-22,345.4,"1,507.35","1,302.85",281.5,909.7,262.2,399.85,214.25,13.55,162.1
15-Dec-22,338.85,"1,507.30","1,270.95",285.65,892.25,275.3,391.1,213,14.15,151.3
16-Dec-22,335.1,"1,509.55","1,265.55",280,890.65,289.05,375,214.5,14.8,160.5
19-Dec-22,340.5,"1,522.05","1,209.85",272.15,878.9,303.5,380.15,215.7,14.6,166.4
20-Dec-22,340.15,"1,497.10","1,244.30",275.35,893.2,304.5,375.4,213.3,14.3,173.05
21-Dec-22,335.15,"1,502.40","1,270.95",281.35,900.65,299.55,374.65,210.05,14.35,176.5
22-Dec-22,332.45,"1,514.85","1,254.40",281,898.95,298.15,376.3,208.75,14.7,179.4
23-Dec-22,326.7,"1,510.15","1,259.60",279.7,908.05,294.75,374.75,208.05,14.8,181.35
26-Dec-22,334.6,"1,517.55","1,274.45",286.1,890.85,286.6,363.45,206.7,14.45,186.65
27-Dec-22,333.15,"1,508.20","1,317.55",281.95,902.45,288.75,359.9,213.6,14.6,179.95
28-Dec-22,334.4,"1,524.00","1,336.10",283.6,901.35,283.4,355.65,212.4,14.45,186.25
29-Dec-22,335.35,"1,522.55","1,333.55",283.25,899.1,287.7,354.35,211.2,14.55,184.1
30-Dec-22,331.55,"1,494.80","1,326.60",287.1,879.15,279.2,359.7,213.3,14.3,185.8
2-Jan-23,332.85,"1,475.20","1,326.60",284.85,870.1,276.2,358.35,216.8,14.25,180.5
3-Jan-23,331.1,"1,448.50","1,348.10",287.25,873.35,273.65,359.2,218.45,13.95,181
4-Jan-23,327,"1,484.45","1,360.15",288.45,861.35,278.7,359.65,222.4,14.15,177.8
5-Jan-23,333.45,"1,469.75","1,417.25",283.55,866.3,272.95,363.05,218.4,14.25,176.85
6-Jan-23,335.05,"1,471.25","1,396.70",283,860.65,281.95,357.65,221.4,14.15,175.55
9-Jan-23,338.05,"1,480.60","1,376.70",287.65,873.45,278.7,355.8,228,14,171.9
10-Jan-23,333.4,"1,503.65","1,367.20",282.65,865.25,277.55,357.95,231,14,172.45
11-Jan-23,331.8,"1,525.50","1,397.65",283.5,865.15,275.05,357.55,221,13.85,167.3
12-Jan-23,329.85,"1,539.50","1,388.10",284.05,869.5,273.2,355.15,222,13.2,169.8
13-Jan-23,328.75,"1,545.40","1,371.10",285.95,866.15,274.65,356.45,230.3,13.2,167.4
16-Jan-23,330.2,"1,538.90","1,346.00",284.3,870.35,261,357.6,233.95,12.95,160.75
17-Jan-23,332.25,"1,525.55","1,383.70",283.45,871.7,247.95,357.8,235.7,12.65,157.95
18-Jan-23,334.65,"1,548.00","1,324.60",281.9,870.75,235.55,346.65,235.1,12.5,150.65
19-Jan-23,332.15,"1,551.90","1,284.75",277.9,855.3,223.8,337.65,232.65,12.75,149.8
20-Jan-23,334.6,"1,543.00","1,255.40",280.65,817.2,212.65,337.75,245.3,12.25,155.75
23-Jan-23,337.75,"1,519.15","1,233.70",277.6,823.5,202.05,352,252.25,11.95,148.4
24-Jan-23,338.95,"1,538.80","1,233.15",281.65,831.9,191.95,344.65,253.3,11.75,155.45
25-Jan-23,339.25,"1,533.75","1,202.45",278,847.95,182.35,348.1,262.4,12,157.4
27-Jan-23,346,"1,551.10","1,213.80",278.2,857.9,173.25,343.65,251.2,11.65,163.5
30-Jan-23,344.8,"1,583.75","1,226.50",277.3,863.8,181.9,331.6,256.85,11.7,163.5
31-Jan-23,352.35,"1,599.40","1,258.05",277,853.7,172.8,332.65,258.3,11.7,166.8
1-Feb-23,361.4,"1,569.85","1,233.55",278,852.75,164.2,328.4,265.3,11.65,168.05
2-Feb-23,378.6,"1,562.40","1,244.70",280,859.1,156,321.6,266.9,11.35,169.25
3-Feb-23,380.65,"1,590.50","1,234.50",276.6,860.8,148.2,323.3,271.2,11.3,166.3
6-Feb-23,383.4,"1,617.00","1,233.20",282.75,853.85,140.8,320.25,293.45,11.1,165.6
7-Feb-23,373.25,"1,608.55","1,221.90",272.25,850.65,147.8,314.8,286.1,11.05,163.7
8-Feb-23,375.55,"1,567.45","1,237.90",265.1,865.3,155.15,313.05,300.6,11.05,161.9
9-Feb-23,374.25,"1,593.25","1,245.45",269.7,870.8,162.9,312.1,291.6,10.95,158.65
10-Feb-23,371.35,"1,597.05","1,254.55",271.2,869.45,171,312.3,279.5,10.6,158.75
13-Feb-23,374.2,"1,601.80","1,240.25",268.7,862.65,162.45,314.85,290.3,10.4,158.85
14-Feb-23,386.45,"1,583.80","1,238.25",277.95,852.1,154.35,313.05,287.7,10.05,153.45
15-Feb-23,382.2,"1,592.45","1,230.45",279.75,854.2,146.65,311.8,276.55,10.1,153.8
16-Feb-23,382.55,"1,579.50","1,220.55",273.6,839.25,139.35,318.45,269.35,9.9,153.15
17-Feb-23,383.4,"1,561.80","1,205.45",272.6,839.75,146.3,314,280.65,9.8,152.35
20-Feb-23,384.05,"1,550.70","1,202.55",270.95,839.7,153.6,308.95,277.7,10,155.85
21-Feb-23,382.25,"1,550.65","1,183.95",265.7,856.4,161.25,305.95,282.95,9.8,161.05
22-Feb-23,383.85,"1,509.30","1,208.55",267.25,854.85,169.3,305.1,274.4,10.7,160.95
23-Feb-23,387.6,"1,487.55","1,206.15",269,856.3,177.75,306.3,268.55,10.7,166.7
24-Feb-23,385.1,"1,496.05","1,201.35",274.05,854,186.6,303.95,267.15,11.7,165.9
27-Feb-23,382.2,"1,472.15","1,198.40",276.6,868.55,195.9,304.4,267.9,11.2,165.35
28-Feb-23,376.7,"1,479.30","1,211.45",280.8,867.75,204.9,315.75,268.1,11.45,159.65
1-Mar-23,378.7,"1,507.45","1,214.20",271.5,872.1,215.1,306.4,277.5,10.75,154.9
2-Mar-23,375.55,"1,492.70","1,215.10",274.15,855.95,204.35,304.95,270,10.7,146.85
3-Mar-23,384.95,"1,480.40","1,201.90",270.95,842.65,201.8,301.7,273.05,10.75,146
6-Mar-23,388.15,"1,471.55","1,177.10",267.7,828.4,198.7,296.8,272.4,10.55,141.85
8-Mar-23,392.4,"1,435.10","1,176.95",262.5,830.35,199.95,292.15,267.15,10.7,141.45
9-Mar-23,387.5,"1,420.00","1,177.25",267.95,825.9,190.2,277.85,265.4,10.3,141.1
10-Mar-23,388,"1,419.65","1,177.20",265.3,823.9,199.7,313.3,262.45,10.25,137.1
13-Mar-23,383.65,"1,404.10","1,185.35",262.95,836.25,204.05,301.2,267.45,10.3,141.55
14-Mar-23,379.7,"1,420.70","1,180.95",260.5,836.45,201.4,295.8,266.65,9.95,143.55
15-Mar-23,379.4,"1,403.65","1,213.85",253.8,852.4,192.6,300.95,274.35,9.85,140.3
16-Mar-23,381.45,"1,390.70","1,203.20",253.35,860.2,183,289.85,276.6,9.4,135.1
17-Mar-23,375.55,"1,389.25","1,221.90",250.6,855.45,173.85,281,276,9.15,136.45
20-Mar-23,378.8,"1,374.55","1,223.20",254.85,852.4,182.5,282.1,280.4,9.8,135.35
21-Mar-23,376.95,"1,380.65","1,218.80",255.15,848.7,191.6,271.85,286.15,9.95,135.8
22-Mar-23,377.75,"1,388.95","1,215.25",259.15,854.75,190.55,278.65,288.5,10,141.1
23-Mar-23,380.65,"1,377.60","1,229.15",262.15,851,190.1,278.85,284.85,10.2,144.6
24-Mar-23,378.7,"1,383.55","1,245.50",259.9,877.25,192.2,291.05,280.25,10.35,140.7
27-Mar-23,380.2,"1,427.95","1,247.55",262.6,883.8,194,293.4,268.1,12.21,143.65
28-Mar-23,379.75,"1,410.85","1,270.95",255.7,884.6,194,289.75,262.8,14.16,143.9
29-Mar-23,382.75,"1,423.55","1,259.85",253,875,192.45,300.65,265.95,13,144.55
31-Mar-23,383.5,"1,421.90","1,264.85",255.7,868.45,189.15,303.65,266.55,10.4,145.35
3-Apr-23,378.9,"1,427.60","1,278.50",257.45,881.9,189.45,309.5,269.25,10.8,147.1
5-Apr-23,386.4,"1,406.15","1,262.75",265.05,890.15,188.35,304,272.1,11.15,154.35
6-Apr-23,387.35,"1,428.30","1,266.05",265.2,899,187.3,306.2,267.95,10.9,154.55
10-Apr-23,388.55,"1,389.20","1,244.25",264.9,901.3,195.8,316.4,273.7,12.55,149.45
11-Apr-23,396,"1,258.30","1,212.70",264.7,896.85,199.25,310,276.7,12.15,149.6
12-Apr-23,393.55,"1,259.35","1,193.25",267.25,891.9,201.4,311.6,278.25,12.8,147.65
13-Apr-23,395.6,"1,232.20","1,232.30",265.45,894.4,205.65,307.05,283.65,12.7,151.5
17-Apr-23,400.15,"1,223.40","1,240.90",265.15,885.65,211.35,304.55,288.2,12.4,153.05
18-Apr-23,398.5,"1,227.35","1,254.10",265.35,904.75,214.15,300.9,299.7,12.25,153.35
19-Apr-23,398.75,"1,226.30","1,236.25",264.2,913.45,224.85,302.3,304.1,12.1,159.35
20-Apr-23,400.3,"1,224.90","1,244.40",258.7,914.95,235.95,301.1,303.9,12,161.8
21-Apr-23,408.25,"1,227.55","1,249.30",256.25,918.35,231.65,311.75,305.6,11.8,154.6
24-Apr-23,408.7,"1,246.25","1,269.50",260.8,917.65,238.15,311.85,304.3,11.85,154.85
25-Apr-23,411.55,"1,252.75","1,256.95",260.7,922.1,239.85,311.65,310.25,11.9,155.35
26-Apr-23,412.25,"1,277.45","1,238.30",263.3,922.85,238.7,315.45,339.5,12.5,148.95
27-Apr-23,416,"1,269.15","1,234.85",264,921.7,240.3,307.45,384.15,12.2,152.5
28-Apr-23,425.55,"1,273.55","1,231.85",266.25,926.95,238.2,311.75,351.65,12.15,151.45
2-May-23,424.45,"1,259.10","1,228.20",268,937.9,242.65,323.85,349,11.9,150.4
3-May-23,427.15,"1,265.60","1,299.70",270.15,934.4,240.85,342.25,349.25,12.2,150.6
4-May-23,424.6,"1,270.70","1,276.55",269.05,936.05,235.85,349.6,353.85,12.4,147.3
5-May-23,428.75,"1,263.25","1,277.40",268.5,939.2,236.2,341.45,354.65,12.15,152.45
8-May-23,431.45,"1,256.10","1,254.05",270.5,943.9,234.35,349.15,355.45,12,149.45
9-May-23,423.8,"1,245.20","1,254.75",276.15,945.75,225.05,336.3,349.95,11.9,144.65
10-May-23,425.35,"1,258.35","1,245.65",275.55,946.35,236.1,336,359.85,11.85,142.05
11-May-23,420.4,"1,264.30","1,235.55",282.25,939.35,247.9,339.2,376.4,11.8,144
12-May-23,420.45,"1,246.90","1,221.20",283.65,946.5,260.25,346.35,370.55,11.6,143.2
15-May-23,427.8,"1,246.00","1,233.20",282.25,954.3,256.05,349.95,370,11.7,147.45
16-May-23,423.95,"1,268.90","1,226.40",285.4,950.35,259.15,349.25,369.65,11.6,145.45
17-May-23,427.6,"1,292.80","1,242.25",289,953.4,258.05,353.55,388.75,11.4,147.05
18-May-23,419.7,"1,300.05","1,259.75",287.6,940.65,256.4,357.65,403.55,11.45,148.35
19-May-23,419.85,"1,298.65","1,260.75",286.25,939.85,251.1,362.9,403.45,11.5,153.75
22-May-23,424.75,"1,304.35","1,270.50",287.3,950.7,249.65,358.5,392.25,12.95,163
23-May-23,429.15,"1,317.45","1,278.25",280.25,948.15,254.15,332.35,394.45,12.1,162.1
24-May-23,433.5,"1,314.40","1,274.70",281.05,949.95,255.65,330.1,395.5,12.85,168.5
25-May-23,441.15,"1,323.85","1,298.25",274.7,949.15,259.45,330.6,398.55,13.05,169.15
26-May-23,443.6,"1,318.30","1,334.00",278.85,936.1,263,335.05,394.4,13.3,173.2
29-May-23,449.1,"1,319.50","1,367.35",276.25,938.15,274.85,337.95,395.75,12.95,175.5
30-May-23,449.9,"1,299.00","1,383.00",274.45,946.75,279.15,340.1,387.15,12.95,175.75
31-May-23,445.5,"1,304.50","1,407.70",281.7,942.1,276.2,352.8,393.6,12.95,173.45
1-Jun-23,439.7,"1,279.00","1,446.25",279.6,940.2,271.55,357.1,395.2,13.15,174.75
2-Jun-23,443.4,"1,288.95","1,414.25",280.8,937.9,267.8,359.3,391.05,13.1,177.95
5-Jun-23,440.65,"1,282.80","1,469.75",284.05,938.05,265.25,361.65,384.7,13.6,178.65
6-Jun-23,442.8,"1,265.95","1,478.55",283.95,935.95,269.25,367.9,407,14.75,173.35
7-Jun-23,443.95,"1,291.95","1,598.40",287.7,943.55,266.1,373.95,400.9,14.05,166.65
8-Jun-23,442.9,"1,304.85","1,639.80",293.45,939.8,263.65,386.8,385,13.95,173.35
9-Jun-23,438.45,"1,300.40","1,629.25",305.95,926.6,261.7,403.65,382.15,15.85,171.95
12-Jun-23,436.95,"1,286.80","1,628.45",310.2,934.2,260.65,409.8,383.4,16.05,172.65
13-Jun-23,445.4,"1,291.65","1,591.05",306.85,923.15,256.6,417.4,381.75,15.9,172.15
14-Jun-23,444.5,"1,294.00","1,612.75",303.05,925.55,242.4,395.7,386.95,16.75,166.95
15-Jun-23,448.1,"1,303.40","1,613.55",309.5,924.7,250.6,393.9,385.75,16.1,166.5
16-Jun-23,453.1,"1,299.35","1,577.60",309.2,925.75,253.1,399.2,383.4,15.7,165.95
19-Jun-23,453.6,"1,281.55","1,560.85",304.8,923.5,254.65,405.65,382.45,15.3,174.2
20-Jun-23,452.85,"1,265.00","1,569.15",302.8,927.45,249.85,403.05,390,15,176
21-Jun-23,447.05,"1,270.35","1,565.80",304,936.1,248.45,403.75,388.15,14.75,181.95
22-Jun-23,447.65,"1,279.15","1,582.75",305.05,937.45,247.1,398.55,383.7,14.75,184.2
23-Jun-23,444.75,"1,293.35","1,594.65",315.05,934.6,245.65,402.7,387.9,14.1,182.5
26-Jun-23,445.7,"1,335.50","1,590.20",313.75,942.55,246.45,394.1,396.4,13.85,190.65
27-Jun-23,445.1,"1,333.70","1,543.45",314.6,944.7,243.75,389.95,408.05,14.15,187
28-Jun-23,449.35,"1,345.15","1,538.40",315.75,958,242.05,391.25,426.55,14.05,184.7
30-Jun-23,451.6,"1,347.30","1,536.45",322.15,959.4,244.2,386.2,438.85,15,185.3
3-Jul-23,463.25,"1,343.90","1,549.70",325.8,946.4,240.85,385.9,449.95,14.65,193.9
4-Jul-23,466.35,"1,330.20","1,532.30",322.65,948.4,237.2,394.8,457.65,14.35,197.2
5-Jul-23,475.1,"1,329.15","1,638.40",332.1,944.95,241.9,391.75,461.85,15.3,197.85
6-Jul-23,473.9,"1,348.60","1,609.15",331.3,944.4,245.7,387.65,485.25,15.25,211.6
7-Jul-23,468.4,"1,333.30","1,584.40",330.35,955.7,246.55,389.45,469.05,15.05,226.65
10-Jul-23,465.85,"1,365.10","1,623.45",327.05,960.05,245.7,388,485.2,15.35,219.05
11-Jul-23,473.15,"1,425.95","1,602.55",330.05,968.7,244.15,398.1,484.05,15.9,213.1
12-Jul-23,472.3,"1,425.95","1,601.85",326.55,975.45,241.75,386.85,485.3,15.2,219.65
13-Jul-23,472,"1,422.95","1,618.40",329.05,973.45,238,380.15,491.7,15.25,221.6
14-Jul-23,472.9,"1,475.20","1,604.30",334.95,995.6,260.15,373.15,497.4,15.25,222
17-Jul-23,472.35,"1,474.95","1,590.40",335.2,997,255.5,372.45,491,15.2,223.3
18-Jul-23,472.5,"1,449.50","1,623.60",336.05,992,253,369.3,481.45,15.65,239.2
19-Jul-23,478.85,"1,331.60","1,611.30",340.1,994.7,258.55,365.85,479.8,15.7,232.6
20-Jul-23,492.15,"1,336.60","1,667.55",336.25,996.45,273.3,366.25,488,15.8,234.1
21-Jul-23,490.45,"1,334.60","1,727.50",336.75,990.25,273.2,381.1,488.1,15.65,227.85
24-Jul-23,471.35,"1,348.85","1,771.85",335.25,996.2,267.7,377.35,481.3,15.95,224.6
25-Jul-23,462.3,"1,353.15","1,796.15",345.85,998.3,274.85,373.05,487.25,15.75,220.4
26-Jul-23,472.25,"1,340.50","1,762.75",345.8,994.55,278.5,372.95,514.1,16.55,221.2
27-Jul-23,465.05,"1,355.70","1,712.20",335,986.95,273.3,375.5,502.6,16.1,216.1
28-Jul-23,468.45,"1,365.20","1,686.75",332.65,965,280.25,375.7,502.55,16.45,216
31-Jul-23,465.7,"1,356.85","1,686.30",338.5,970.5,277.15,392.2,513.3,17,220.4
1-Aug-23,464.8,"1,364.30","1,696.95",323.9,975.65,281.9,398,512.95,18.15,220.95
2-Aug-23,460.1,"1,378.35","1,683.70",325.4,979.9,288.1,404.75,505.15,18.05,224.25
3-Aug-23,456.05,"1,393.00","1,690.85",328,972.7,286.1,450.6,512.9,19.05,222.4
4-Aug-23,454.95,"1,390.20","1,673.05",323.8,964.1,279.9,446.95,520.35,18.65,223.65
7-Aug-23,454.9,"1,394.40","1,680.35",317.95,952.85,286.55,431.7,514.3,17.8,218.05
8-Aug-23,452.35,"1,389.10","1,705.65",313.85,959.55,304.6,458,516.45,18.25,219.05
9-Aug-23,458.65,"1,371.85","1,702.50",319.7,956.5,324.85,447.2,513.7,17.5,215.8
10-Aug-23,451.75,"1,393.55","1,696.35",318.05,951.65,347.4,436.1,511.4,17.4,218.6
11-Aug-23,448.75,"1,419.10","1,694.05",316.2,950.65,322.85,443.5,504.75,16.95,221.4
14-Aug-23,449.2,"1,418.50","1,704.00",322,955.2,328.8,444.75,496.9,16.75,230.2
16-Aug-23,450.25,"1,411.55","1,782.15",326.5,952,325.05,462.35,526.95,16.55,229.2
17-Aug-23,441,"1,388.80","1,818.20",323.25,966.85,321.8,450.85,533.9,16.4,230.35
18-Aug-23,441.65,"1,405.40","1,829.70",328.15,968.95,332.7,446.8,536.15,16.35,232
21-Aug-23,447.8,"1,403.75","1,817.25",333.45,970.4,328.4,466.9,558.9,17.4,233.5
22-Aug-23,454.25,"1,407.95","1,797.75",332.1,970.55,321.3,462.55,547.5,17.3,241.15
23-Aug-23,450.45,"1,423.60","1,788.10",334.5,967.75,330.25,464.85,551.85,17.3,238.75
24-Aug-23,450.9,"1,420.10","1,804.40",331.9,958.9,341.75,468.55,560,17.35,238.05
25-Aug-23,443.35,"1,415.65","1,789.10",331.65,958.75,342.45,469.85,550,17.45,234.55
28-Aug-23,441.4,"1,417.65","1,852.40",324.4,968.7,347.55,470.55,513.2,18.25,235.9
29-Aug-23,440.1,"1,435.15","1,882.90",330.85,967.35,358.8,463.9,509.8,20.2,233.5
30-Aug-23,442.8,"1,435.45","1,866.00",334.85,968.4,369.15,454.05,535.3,19.15,235.65
31-Aug-23,439.7,"1,443.85","1,876.00",334.75,957.5,398.4,463.85,527.75,19,232.6
1-Sep-23,441.05,"1,465.10","1,889.80",336.15,965.65,386.3,453.95,514.1,19.55,232.7
4-Sep-23,437.5,"1,478.90","1,885.25",339.3,970.55,377.1,450,524.5,19.8,217.8
5-Sep-23,443.1,"1,477.45","1,932.75",341.45,978.25,377.15,432.8,519.55,21.2,227.75
6-Sep-23,447.45,"1,466.20","1,850.80",335.3,990.5,379.4,444.1,516.95,21.2,228.6
7-Sep-23,445.9,"1,469.60","1,911.80",328.05,989.8,375,438.1,530.3,21.15,233.15
8-Sep-23,442.65,"1,476.45","1,924.50",332.65,987.7,368.4,433.55,539.55,20.8,230.25
11-Sep-23,447.2,"1,501.10","1,927.70",330.5,992.45,382.45,442.9,524.9,18.4,231.4
12-Sep-23,451.15,"1,498.35","1,898.15",325.4,990.2,383.9,437.7,513,19,226.35
13-Sep-23,453.5,"1,506.95","1,885.70",336.75,987.15,381.15,431.5,517.4,18.75,233
14-Sep-23,449.95,"1,511.60","1,874.65",336.7,959.3,377.5,429.25,529.6,19.15,237.75
15-Sep-23,448.35,"1,491.80","1,876.00",331.3,950.3,375.35,422.85,523.6,19.1,237.7
18-Sep-23,452.05,"1,490.25","1,856.65",332.2,956.35,375.4,424.45,536.25,19.05,245.4
20-Sep-23,452.95,"1,501.75","1,876.25",335.65,948.7,377.45,426.4,530.2,19,241.35
21-Sep-23,447.5,"1,496.15","1,875.65",341.35,943.1,366.7,425.65,525.05,18.9,252.75
22-Sep-23,443.1,"1,474.15","1,890.20",343.25,942.6,372.05,435.15,548.4,18.95,255.6
25-Sep-23,442.6,"1,460.65","1,932.75",339.95,951.9,365.85,436,543.5,19,249.3
26-Sep-23,442.45,"1,467.00","1,901.75",339.75,940.3,364.3,431.95,554.25,19.2,242.3
27-Sep-23,449.15,"1,439.45","1,863.95",336.3,930.05,342,424.35,543.75,19.15,247.5
28-Sep-23,440.75,"1,435.45","1,850.30",328.1,940.85,349.65,427.9,546.45,19.25,243.85
29-Sep-23,444.4,"1,434.00","1,837.80",327.9,945.2,349.8,427,550.15,19.25,248.55
3-Oct-23,439.75,"1,444.35","1,807.25",330.55,938.6,347.25,420.9,517.65,18.8,245.9
4-Oct-23,436.1,"1,463.45","1,829.85",333.4,951.2,341.9,416.55,511.55,18.9,246.7
5-Oct-23,436.05,"1,478.70","1,833.40",333.9,953.1,329.65,415.85,511.45,18.85,246.35
6-Oct-23,442.15,"1,475.45","1,815.80",336.25,954.25,335.5,412.35,480.3,17.85,243.7
9-Oct-23,440.45,"1,495.15","1,809.15",338.5,951.3,333.95,405.85,475.3,17.8,245.7
10-Oct-23,444.4,"1,494.40","1,796.95",337.2,951.4,344.45,418.15,484.7,18.2,241.55
11-Oct-23,448.25,"1,465.50","1,787.60",337.45,953.9,338.3,409.5,482.15,18,245.65
12-Oct-23,450.7,"1,431.15","1,786.10",335.75,943.75,316.45,406.1,488.9,17.75,244.4
13-Oct-23,448.35,"1,434.15","1,776.95",333.8,935.75,312.7,400.1,490.05,18.4,230.5
16-Oct-23,448.95,"1,442.45","1,710.25",332.2,932.75,327.35,358.5,493.85,18.55,225.45
17-Oct-23,453.45,"1,440.55","1,615.15",325.05,929.95,354.15,330.9,498.15,18.15,216.35
18-Oct-23,451.65,"1,433.65","1,584.70",328.8,916.1,357.95,339.7,504.8,18.65,226.2
19-Oct-23,450.4,"1,427.25","1,559.25",320.1,908.65,363.05,397.25,503.7,18.5,222.95
20-Oct-23,438.3,"1,408.65","1,607.95",325.05,912.75,365.2,381.15,494.8,16.7,220.45
23-Oct-23,435.9,"1,370.05","1,647.70",326.9,924.9,372.95,374.55,489.5,16.3,218.2
25-Oct-23,432.7,"1,359.45","1,663.25",322.95,915.35,384.65,376.95,491.65,16.5,221.95
26-Oct-23,434.35,"1,380.35","1,671.65",327.3,914.05,394,386.9,481,16.8,228.75
27-Oct-23,433.75,"1,377.05","1,714.85",330.1,919.95,383.8,394.7,491.95,16.95,230.45
30-Oct-23,430.45,"1,368.40","1,703.60",334.1,933.8,393.4,400,487.8,17.1,232.65
31-Oct-23,428.4,"1,354.15","1,737.80",333.6,945.45,401.1,397.55,501.35,17.4,240.15
1-Nov-23,428.1,"1,370.15","1,709.00",337.65,948.1,399.4,400.75,515.25,18.25,239.6
2-Nov-23,431.15,"1,389.05","1,716.45",340.25,935.75,399.85,401.85,522.45,18.25,239.85
3-Nov-23,433.25,"1,403.30","1,707.15",342.2,937.35,390.6,406.65,533.95,19.3,239.95
6-Nov-23,435.35,"1,404.30","1,708.70",359.4,938.6,391,412.3,550.75,20.7,245.8
7-Nov-23,432.7,"1,391.00","1,709.30",358.4,942.35,389.55,414,537.25,20.45,252.6
8-Nov-23,436.95,"1,374.80","1,707.10",368.7,934.45,387.3,419.55,540.05,21.2,254.55
9-Nov-23,434.4,"1,368.85","1,684.30",359.1,941.1,389.95,420.15,539.6,20.5,234.8
10-Nov-23,436.55,"1,388.20","1,706.65",362.2,936,392.5,431.8,532.7,20.55,229.1
12-Nov-23,438.45,"1,373.55","1,705.75",356.3,921.85,387.2,435.35,527.6,22.5,236.15
13-Nov-23,436,"1,410.50","1,722.95",360.55,921.45,381.7,429.5,538.45,22.3,234.1
15-Nov-23,441.95,"1,444.90","1,707.30",372.4,926.1,397.2,420.65,535.05,22.65,238.85
16-Nov-23,438.65,"1,437.55","1,705.25",365.45,922.75,446.2,419.9,535.9,22.85,234.5
17-Nov-23,439.25,"1,436.60","1,717.55",365.2,923,433.1,417.8,531.7,22.1,237.75
20-Nov-23,436.8,"1,439.00","1,723.75",366.5,929.4,431.5,432.6,531.05,21.35,237.7
21-Nov-23,436.25,"1,457.80","1,683.50",373.25,929.4,440.4,424.7,526.65,20.9,234.6
22-Nov-23,439.7,"1,449.25","1,713.20",377.4,925.5,464.7,429.45,533.1,21.35,233.1
23-Nov-23,440.35,"1,437.40","1,705.55",386,939.6,538.15,453.05,520.05,20.9,242.45
24-Nov-23,437.8,"1,442.70","1,659.85",383.8,934.95,560.45,470.1,518.65,20.9,246.6
28-Nov-23,435.25,"1,459.60","1,662.85",387.35,946.7,562.4,458.7,520.65,21.5,253
29-Nov-23,437.2,"1,455.15","1,678.75",387.95,991.2,533.8,454.25,534.95,21.15,256.15
30-Nov-23,435.8,"1,452.30","1,668.95",385.95,"1,013.45",526.15,474.6,593.6,20.85,267.7
1-Dec-23,449.8,"1,464.35","1,706.65",385.55,"1,003.25",516.95,472.6,612.65,20.9,276.7
4-Dec-23,454.05,"1,453.95","1,694.85",382.05,999,505.7,456.35,602.25,22.3,273.8
5-Dec-23,451.75,"1,474.30","1,707.05",386.05,"1,010.85",528.95,462.25,573.7,23.2,278.5
6-Dec-23,463.25,"1,465.90","1,738.30",385.85,"1,017.10",538.85,457.6,624.9,23.25,282.1
7-Dec-23,458.1,"1,491.15","1,719.80",390.3,"1,015.70",539.35,460.45,620.05,23.95,292.45
8-Dec-23,449.15,"1,488.50","1,749.65",396.1,"1,013.90",535.45,509.95,619.15,24.5,287.35
11-Dec-23,452.45,"1,476.05","1,813.35",394.2,"1,033.65",508.8,528.3,627.25,23.2,286.25
12-Dec-23,453.1,"1,449.00","1,808.65",392.35,"1,037.40",511.65,515.6,620.05,23.8,267.9
13-Dec-23,455.65,"1,501.45","1,791.85",399.9,"1,021.45",512.55,490.95,610.65,23.85,275.5
14-Dec-23,460.1,"1,578.40","1,704.60",391.75,"1,015.45",511.7,516.1,607.2,23.6,272.45
15-Dec-23,458.2,"1,564.35","1,728.95",397.85,"1,006.65",522.45,532.65,591.7,23.8,260.55
18-Dec-23,451.65,"1,558.30","1,730.15",390.7,"1,004.40",523.4,537.55,577.75,23.75,262.75
19-Dec-23,456.1,"1,536.40","1,735.80",396.1,994.3,525.15,539.25,584.7,21.4,268.9
20-Dec-23,451,"1,536.00","1,731.95",400.2,995.1,523.25,541.1,583.85,22.7,279.3
21-Dec-23,451.45,"1,562.90","1,807.45",405.3,"1,002.25",518.6,545.45,573.2,22.4,284.6
22-Dec-23,455.2,"1,543.95","1,770.30",419.2,"1,005.90",544.5,580.15,562,22.6,280.9
26-Dec-23,456.45,"1,567.10","1,766.85",439.6,996.6,558.55,577.95,565,22.6,284.9
27-Dec-23,457.1,"1,562.65","1,739.75",435.5,999.4,551.1,579.85,563.15,22.35,286.2
28-Dec-23,464.1,"1,542.90","1,750.00",428.8,982.25,541.7,578.45,569.75,23.3,287.5
29-Dec-23,462.1,"1,551.35","1,766.40",428.9,984.05,539.75,584.8,583,23.95,284.5
1-Jan-24,468.05,"1,534.40","1,758.45",434.3,987.15,542.3,558,572.95,24.1,281.1
2-Jan-24,470.35,"1,490.00","1,719.35",429,993.7,540.15,566.2,575.7,25.95,283.55
3-Jan-24,477.25,"1,512.70","1,729.15",426.05,982,541.15,569.85,557.05,30.4,295
4-Jan-24,476.4,"1,532.55","1,718.40",424.3,979.75,541.15,572.55,557.85,31.4,292.1
5-Jan-24,473.95,"1,522.80","1,716.30",432.3,993.05,532.3,561.95,561.65,32.05,292.7
8-Jan-24,465.5,"1,529.30","1,744.30",421.2,991.15,521.45,558.15,544.2,31.3,293.7
9-Jan-24,464.55,"1,519.90","1,753.00",414.2,"1,003.50",523.55,562,569.95,30.8,282.8
10-Jan-24,463.3,"1,494.20","1,731.65",417.15,"1,009.85",516.75,568.7,575.95,31.1,269.85
11-Jan-24,462.65,"1,612.75","1,697.50",418.75,"1,009.05",536.55,554.7,570.6,30.9,265.25
12-Jan-24,466.7,"1,652.10","1,769.60",421.2,981.75,517.55,572.9,566.1,30.8,268.7
15-Jan-24,467.6,"1,631.55","1,737.75",424.35,986.35,519.95,571.45,574.25,30.05,253.35
16-Jan-24,472.3,"1,640.20","1,740.10",419,999.2,543.3,535.25,566.6,29.85,259.8
17-Jan-24,466.6,"1,642.60","1,704.10",420.05,"1,008.70",570.45,567.9,560.95,29.75,255.15
18-Jan-24,465.5,"1,659.20","1,728.65",430.95,"1,029.05",558.3,568.75,564.4,29.55,255.05
19-Jan-24,471.5,"1,648.85","1,716.60",430.15,999.2,562.7,576.7,592.15,30.15,255.5
20-Jan-24,468.4,"1,642.15","1,713.50",424.15,"1,009.95",564.35,559.3,591.75,28.55,260.55
23-Jan-24,459.3,"1,675.40","1,703.65",420,"1,016.40",559.4,571.45,582.2,29.6,266.55
24-Jan-24,463.6,"1,675.40","1,737.05",431.9,"1,016.90",546.3,576.65,564.7,30.2,264.8
25-Jan-24,455.65,"1,669.10","1,704.30",426.95,"1,028.15",549.7,592.25,539.5,30.1,265.4
29-Jan-24,449.8,"1,656.60","1,698.70",429.75,"1,025.15",569.7,581.65,525,29.95,265.05
30-Jan-24,438.05,"1,651.45","1,683.15",435.3,"1,024.00",563.7,580.95,520,29.8,261.4
31-Jan-24,441.55,"1,660.90","1,705.05",456.75,"1,023.50",569.5,574.5,532,29,255.45
1-Feb-24,442.9,"1,657.05","1,694.00",452.4,"1,026.40",561.85,570.5,535.9,28.8,259.9
2-Feb-24,440.1,"1,693.35","1,759.85",440.9,"1,022.15",562.1,560.8,532.85,27.4,243.75
5-Feb-24,438.05,"1,687.20","1,760.85",434.95,989.3,563.9,586.25,527.85,26.05,250.75
6-Feb-24,431.4,"1,729.45","1,724.90",431.5,"1,010.70",561.85,580.95,528.2,27.35,253.75
7-Feb-24,431.8,"1,693.75","1,746.10",435.2,996.1,563.75,583.75,529.35,28.55,259.05
8-Feb-24,414.55,"1,692.10","1,752.70",425.5,"1,019.80",567.65,610.25,537.75,27.5,262.35
9-Feb-24,415.5,"1,669.35","1,754.50",433,"1,022.70",553.65,619.9,532.15,26.15,261.2
12-Feb-24,406.85,"1,680.10","1,812.35",434.15,"1,016.65",540.75,606.2,545.1,26.05,263.2
13-Feb-24,406.75,"1,684.55","1,815.50",433.2,"1,023.25",562.25,600.8,544.25,26.45,258.45
14-Feb-24,411.55,"1,666.20","1,821.85",443.25,"1,043.75",559.05,583.5,549.6,26.75,266.55
15-Feb-24,403.9,"1,676.35","1,795.30",445.75,"1,048.75",570.45,586.4,544.35,26.2,268.6
16-Feb-24,404.6,"1,701.65","1,822.00",446.8,"1,051.95",566.7,571.25,549.95,26.95,272.85
19-Feb-24,409.25,"1,699.75","1,824.55",438.6,"1,062.70",549.6,576.4,557.2,26.45,265.45
20-Feb-24,406.1,"1,685.25","1,870.35",429.95,"1,061.30",549.95,568.15,543,25.45,255.8
21-Feb-24,403.35,"1,655.55","1,909.50",429.05,"1,054.20",554.15,559.95,563.5,25.65,260.15
22-Feb-24,414.45,"1,681.35","1,912.95",421.5,"1,060.20",555.8,568.2,591,25.6,266.8
23-Feb-24,411.4,"1,676.85","1,923.20",408,"1,046.20",559.9,573.6,574.25,25.25,270.8
26-Feb-24,409.2,"1,660.15","1,905.55",399.6,"1,052.20",573.85,571.35,564.15,24.65,273.5
27-Feb-24,411.15,"1,663.60","1,914.45",402.65,"1,086.90",576.7,569.05,525.2,23.45,255.85
28-Feb-24,408.3,"1,671.25","1,984.55",385.4,"1,084.65",566.85,588.95,551.95,24.2,252.95
29-Feb-24,406.3,"1,673.90","1,994.35",383.1,"1,092.35",566.95,598,554.15,23.95,255.9
1-Mar-24,409.5,"1,654.70","1,991.90",380.8,"1,088.05",556.1,589.15,583.55,23.75,248.55
2-Mar-24,412.05,"1,656.30","2,011.50",397.35,"1,097.10",528.3,558.6,578.3,23.4,249.55
4-Mar-24,409.1,"1,637.20","1,954.55",412.7,"1,087.95",537.85,570.1,576.2,23.05,230.45
5-Mar-24,406.15,"1,606.50","1,987.65",409.3,"1,078.70",530.4,548.95,591.2,22.3,225.5
6-Mar-24,407.85,"1,617.55","1,885.60",385.55,"1,076.85",529.4,564.7,590.3,22.55,224.15
7-Mar-24,413.55,"1,616.45","1,930.05",402.3,"1,083.95",518.2,568.05,600.35,22.55,224.45
11-Mar-24,409.4,"1,600.60","1,934.85",388.85,"1,083.60",514.85,570.85,606.8,21.45,228.05
12-Mar-24,404.45,"1,612.95","1,962.65",401.25,"1,080.35",524.25,567.5,606.75,20.4,233.3
13-Mar-24,422.45,"1,611.40","1,910.25",400.05,"1,081.20",531.05,570.65,610.1,21.05,242.5
14-Mar-24,419.65,"1,653.30","1,888.30",400.1,"1,083.95",522,570.6,554.15,22.1,242.4
15-Mar-24,419.1,"1,634.00","1,908.20",401.55,"1,084.50",516.55,564.85,583.55,23.2,240.1
18-Mar-24,417.45,"1,602.65","1,922.65",404.7,"1,081.80",533.8,567,578.3,22.8,238.05
19-Mar-24,409.55,"1,561.45","1,947.60",411.05,"1,090.30",560.45,572.15,576.2,23.9,240.3
20-Mar-24,415.7,"1,554.95","1,973.15",413.2,"1,083.70",562.30,569.9,591.2,25.05,247.7
21-Mar-24,421.25,"1,554.70","2,010.40",420.2,"1,083.75",568.10,574.6,590.3,26.3,250
22-Mar-24,428.6,"1,508.85","2,036.55",428.95,"1,093.30",559.07,576.10,600.35,27.6,241.6
26-Mar-24,427.65,"1,492.65","2,073.85",432.4,"1,099.65",550.40,580.30,606.8,27.65,243.12
27-Mar-24,428,"1,483.85","2,054.10",438.1,"1,101.71",548.30,586.14,601.00,28.25,238
28-Mar-24,428.35,"1,498.05","2,053.71",435,"1,112.00",556.40,578.20,599.99,28.9,246
1-Apr-24,426.7,"1,495.45","2,010.00",441.2,"1,102.00",561.00,582.01,592.63,29.70,251.3
